Feature,log2FC,p_value,student T-test
PC.O.18.0.22.6.%mol,6.8918327379662045,0.26889522516711406,1.1063786885529465
DG.18.1_22.5.%mol,5.6025510557085205,0.5243574319647741,0.6369226608677158
PC.15.MHDA_18.2.%mol,4.331521842321635,0.004322854459869776,2.8617629025720452
PC.17.1_18.2.%mol,3.542570623875399,0.00030993849068234876,3.6227012711703908
CE.18.1.%mol,3.217276087529907,0.8386872218047994,0.20363922973767917
AC.14.1.%mol,3.1548820642542807,0.4204447833085827,0.8060652156232331
METHYL.CE.18.2.%mol,2.7302933502568187,0.7022883607727295,0.38237018357497365
CE.20.1.%mol,2.7029593423146814,0.24132103275043246,1.172560748630754
PE.17.0_18.1.%mol,2.544386982197949,0.2383777738978314,1.1799325711884467
AC.14.2.%mol,2.465980191665494,0.3153732772713182,1.0046414958070187
CER.D18.2.23.0.%mol,2.380841442008194,0.5645008188143578,0.5764091120648823
LPC.22.5...SN2...N3.%mol,2.327226071710136,0.8572835745633438,0.17989115438755102
PE.P.16.0.22.5...N6.%mol,2.164126709541005,0.012069770238033174,2.515836871739796
CE.18.2.%mol,2.1495399016130676,0.24278861832688162,1.1689086513083016
PC.15.MHDA_18.1.%mol,2.125314238855246,0.045570011138632974,2.002481663880409
CE.18.2....OH.%mol,2.098600916946463,0.021629595235468393,2.3013228986563012
PI.18.1_18.2.%mol,2.0339342022611113,0.4110886615529308,0.822409966261334
LPI.20.4...SN2.%mol,2.0180458872999125,0.15217408562483245,1.4332605017416
PE.17.0_18.2.%mol,2.012821204443597,0.37242611476350773,0.8924388443206883
PC.18.1_18.2.%mol,1.9754321879188534,0.10980803778309463,1.600835988261952
TG.O.54.4...NL.18.2.%mol,1.9424508251471053,0.568133509927726,0.5710391014032742
CER.D18.2.24.1.%mol,1.9273214097137448,0.22986387650329104,1.2016264735790394
PC.15.MHDA_20.4.%mol,1.761424724107556,0.2065411928330403,1.264158909108228
AC.18.0.%mol,1.7479926076148438,0.05753177198860837,1.901987097539234
PS.36.2.%mol,1.7135398227526757,0.30642077931283734,1.0234155351835221
LPC.20.2...SN1.%mol,1.7038343757408647,0.5722533889021811,0.5649687772862547
PC.18.1_20.3.%mol,1.668966394878204,0.784686192680835,0.27330905903180724
HEX3CER.D18.1.24.0.%mol,1.572323810288335,0.3694746034902142,0.8979645697695854
LPE.18.2...SN1.%mol,1.5316546374088738,0.1872636799217371,1.3198469157833637
PC.17.0_18.1.%mol,1.526351106961183,0.21649657301350966,1.236874682500333
LPE.18.2...SN2.%mol,1.383792612796558,0.31807264698182935,0.9990498041215107
PC.17.0_20.4.%mol,1.3431139548396978,0.6147725894551035,0.5034698222541679
PC.18.1_18.1.%mol,1.3139995638277409,0.5662852806380467,0.5737691694845548
HEX3CER.D18.1.18.0.%mol,1.2870617630247168,0.14599094882085784,1.4552550051029958
DG.18.2_20.4.%mol,1.2540386361277989,0.7921207192159042,0.2636458493369142
TG.54.6...SIM.%mol,1.2490745558508092,0.4940803939520385,0.6841471249888943
PC.33.0...A.%mol,1.1852672483945916,0.4900973665327033,0.6904725027578608
PE.17.0_20.4.%mol,1.1539045792737497,0.35994894245026887,0.9159885177222119
LPC.19.0...SN1...B.%mol,1.1408060102680366,0.19784171320648367,1.2887956036157897
PE.O.16.0.22.4.%mol,1.1363325392207528,0.5999575787070683,0.5246705590336459
TG.50.4...NL.14.0.%mol,1.131628093156456,0.2108575550556294,1.2522148171456975
TG.54.6...NL.20.4.%mol,0.9729569627274444,0.48552177544391983,0.697773220681683
TG.54.6...NL.18.3.%mol,0.9677555607631092,0.4558113983158657,0.7461244968848886
PE.P.18.1.18.1...B.%mol,0.9306874576558073,0.01833310308045693,2.3636689137922438
LPC.20.3...SN1.%mol,0.923324626609908,0.9052080991882054,0.11912264104428157
CER.D18.1.14.0.%mol,0.9170428743758059,0.4109499999740168,0.8226538518495096
LPC.O.22.0.%mol,0.9120234242115544,0.5016131984696625,0.6722585803225581
PC.P.36.3.%mol,0.9107727806750923,0.7764590229829575,0.28403243117255117
PE.18.1_18.2.%mol,0.8612919881621401,0.8105029163331855,0.2398565399612937
LPC.17.1...A...SN1...104_SN1.%mol,0.8412620758700413,0.4487202690640857,0.7579230188672875
TG.52.4...SIM.%mol,0.7979239149004655,0.12988975831328284,1.5160973282173094
TG.54.4...NL.18.2.%mol,0.7962773556141958,0.1890326908963544,1.31456555600958
PE.O.16.0.20.3.%mol,0.7757111988965768,0.2997334979291678,1.0376780570048691
TG.48.3...NL.18.3.%mol,0.7538182910200248,0.8911229042812812,0.13692705567212418
TG.54.0...SIM.%mol,0.7391800084522053,0.7909907628995617,0.2651129282608755
TG.48.2...NL.18.2.%mol,0.725098866699744,0.6418318751026226,0.46531591599081124
CER.D18.2.22.0.%mol,0.7157067174440286,0.5948402718172181,0.532048287002438
GM3.D18.1.16.0.%mol,0.6671332770336349,0.7257154960438248,0.35095368140920136
TG.54.5...SIM.%mol,0.627307404263469,0.4361312580626959,0.7791338897838409
TG.52.4...NL.18.2.%mol,0.6129697556406537,0.35864243829845144,0.9184838564902121
PC.P.18.1.18.1.%mol,0.601422261013056,0.7273453319009686,0.3487812244464392
GM3.D18.1.24.1.%mol,0.5951299286236953,0.4897041031633954,0.6910985355404261
PC.38.5...A.%mol,0.5917088774479851,0.675594432265521,0.4186361456366547
LPC.18.2....OH.%mol,0.5501077461477806,0.8038292755348488,0.2484768164288103
PC.P.18.0.18.2.%mol,0.4908950696231926,0.6557281191237372,0.4459858844134464
PC.38.7..C.%mol,0.4863471484127082,0.5416819729869448,0.6105333318688235
LPC.15.MHDA...SN1....LPC.17.0...SN2.%mol,0.48135054599037375,0.6093191602773125,0.5112470254035203
PE.P.18.1.22.6...B.%mol,0.46454553659130937,0.35372469699146103,0.9279281809217894
TG.52.5...SIM.%mol,0.4431722411299912,0.5562433172058052,0.5886782218317401
PE.P.18.0.18.2.%mol,0.40063428558539194,0.7740176077397256,0.28722084106165713
PE.16.1_18.2.%mol,0.3948495246645365,0.82358723785213,0.2230066754672597
SM.D16.1.19.0.%mol,0.38488134137245567,0.8013774447552596,0.2516484372766502
TG.54.4...NL.20.3.%mol,0.361204366007307,0.7430385582711672,0.32794565861007735
CER.D18.2.21.0.%mol,0.35162130742120823,0.6668718605754257,0.4306046266754077
PC.18.1_22.6...B.%mol,0.3436730736548803,0.40033654097144755,0.841469282626395
CER.D16.1.24.1.%mol,0.3271274728334639,0.8559434058961803,0.18159903625057489
CE.22.5.%mol,0.32595370019849135,0.7247556583970588,0.3522338532950276
PI.18.0_18.1.%mol,0.31812169547647073,0.8680145312336334,0.16623434973206974
PE.38.5...B.%mol,0.29748775482521594,0.9341136451950953,0.08269638563463191
PC.P.38.5...B.%mol,0.2919133912727716,0.6215724347410423,0.49381492955651474
TG.52.3...NL.18.2.%mol,0.25492253749451343,0.7782814184420774,0.2816543258735533
TG.48.3...NL.16.1.%mol,0.2432798740006099,0.7658354418156565,0.29792803912336435
LPC.17.0...SN1.%mol,0.22913543344278864,0.8559627014745235,0.18157444263299688
TG.52.4...NL.16.1.%mol,0.2229146985681716,0.5605826940780918,0.5822197773841967
PE.P.18.1.22.4.%mol,0.21984882952464346,0.47200945770863434,0.7195545381642459
LPC.15.MHDA...SN1...104_SN1.%mol,0.19178552617910327,0.8354656594367814,0.2077645906309991
LPI.18.1...SN2.%mol,0.1906563595454962,0.9529514474658384,0.059019334314137285
LPE.18.1...SN2.%mol,0.17283415962535997,0.9014607653121665,0.12385554212232006
PI.18.0_22.4.%mol,0.16754925078623728,0.9059167697387223,0.1182278902065931
TG.52.5...NL.18.3.%mol,0.15755140234016451,0.8699436568166046,0.16378260081208768
CER.D17.1.23.0.%mol,0.13282160048101943,0.9671064085839982,0.04125059865920056
LPC.P.18.0.%mol,0.13235266841137516,0.8272494131241174,0.21830209827278807
LPC.19.1...B.%mol,0.12621338391135595,0.8821314306965036,0.1483151548070847
DG.18.2_18.2.%mol,0.12004049953545959,0.9276860578845869,0.09078512157627588
PE.18.0_22.4.%mol,0.0937107656714069,0.9395486168677578,0.07586104318635095
PC.16.1_18.2.%mol,0.09200957360117812,0.9738561583282535,0.03278256575694269
TG.52.3...SIM.%mol,0.06658814940485946,0.9366679035186829,0.07948353669176435
TG.56.7...NL.20.4.%mol,0.05222826859479568,0.966004025769973,0.04263388024640161
GM3.D18.1.18.0.%mol,0.03231467638451946,0.9875231867895042,0.01564289256816418
TG.51.2...NL.15.0.%mol,0.022079209671876043,0.9745358519084761,0.031929983170221464
TG.54.5...NL.18.3.%mol,0.004465444906397664,0.9956636426408922,0.005436543441971985
TG.54.4...SIM.%mol,-0.006154002463576447,0.9931453108210603,-0.008593869899696023
PE.P.18.1.20.4...B.%mol,-0.006615263828209095,0.9880137547233581,-0.01502779225196204
TG.50.4...SIM.%mol,-0.02365558277403501,0.9780392121371875,-0.027535852085754785
PE.18.1_22.6...B.%mol,-0.060478085818214566,0.933271673951859,-0.08375563666086855
PG.34.1.%mol,-0.08068490241269188,0.9586420153128922,-0.051874032138993956
TG.54.3...NL.18.2.%mol,-0.08882006618024008,0.9147493333595957,-0.10708381680433507
TG.50.3...NL.14.0.%mol,-0.1097797547538999,0.8740616342261728,-0.15855229063882606
PC.16.0_20.3...A.%mol,-0.11672859465290131,0.8898678010591614,-0.13851559843970496
AC.12.1.%mol,-0.12515191346977161,0.8957680483906223,-0.13105082625001768
CER.D19.1.16.0.%mol,-0.13279356661074004,0.8977266022723578,-0.1285745730749001
PE.18.0_22.5...N6.%mol,-0.15981965775146634,0.9161854200699391,-0.1052731959790792
PE.16.0_20.3.%mol,-0.1879176430073457,0.7404028291002993,-0.3314348717441752
TG.48.3...NL.14.0.%mol,-0.18994490544964293,0.8876426029642741,-0.14133282138701309
PI..38.5...B.%mol,-0.22962002626523237,0.5472821811908575,-0.6020939833351764
CER.D17.1.22.0.%mol,-0.2666692259543879,0.8498089703136964,-0.18942348075956378
PC.33.1.%mol,-0.267796531733282,0.8980621199775731,-0.1281504484800635
LPC.P.16.0.%mol,-0.27452059108533433,0.9183562124226383,-0.10253691075421327
PC.18.0_22.5...N6.%mol,-0.3138124101307298,0.6791808455123027,-0.4137325885766078
TG.50.4...NL.18.3.%mol,-0.318519099417923,0.77899194323864,-0.2807275707513675
LPE.18.1...SN1.%mol,-0.33378135874225734,0.7790902980713017,-0.2805993031383951
TG.54.2...NL.20.1.%mol,-0.3440039584108803,0.8204413781510083,-0.2270519185649869
PI.15.MHDA_18.1..PI.17.0_18.1.%mol,-0.3561645001787781,0.8183471573997764,-0.2297469249345635
TG.54.3...NL.18.1.%mol,-0.37058189675847863,0.7143628320882097,-0.3661327352546713
TG.52.2...NL.16.0.%mol,-0.3814356896362394,0.6181002420060173,-0.4987391763770632
TG.56.8...NL.20.4.%mol,-0.3876924646314457,0.905097908692296,-0.1192617735433177
PE.38.5...A.%mol,-0.39412929700569777,0.6926184040243811,-0.39544706733572166
TG.48.3...SIM.%mol,-0.39618934564505714,0.730882006009629,-0.3440727320975553
LPC.19.1...A.%mol,-0.41719449623226623,0.7465305587685126,-0.323329042346611
CE.18.0.%mol,-0.41811164243123855,0.49990614524276145,-0.6749443337542891
LPC.P.17.0...A.%mol,-0.4283585549600524,0.7193238940227649,-0.35948937400589376
TG.50.3...SIM.%mol,-0.44979693047147684,0.46205605031633046,-0.7358197979917601
TG.52.4...NL.18.3.%mol,-0.4543716245048923,0.6348812240362827,-0.47504968396936076
PE.P.18.1.18.2...B.%mol,-0.49755969513796217,0.19694264874420372,-1.2913866073758697
TG.48.2...NL.14.0.%mol,-0.5187629323279559,0.7455471691156388,-0.3246284354811839
TG.50.3...NL.18.2.%mol,-0.5191375288853113,0.45397746824096064,-0.7491658531709424
PC.16.0_18.0.%mol,-0.5222415757846086,0.49883807338601693,-0.6766272402372202
PC.38.4...B.%mol,-0.5283125779780509,0.33419631294831564,-0.9662795781237529
PE.P.18.1.22.5...B.%mol,-0.5306246071497185,0.43671541015216153,-0.7781419447272473
TG.48.2...SIM.%mol,-0.5536160855607477,0.6672414502590698,-0.43009625996343975
PE.P.18.0.20.3...B.%mol,-0.5600896405873073,0.9070345812481719,-0.11681675989913341
TG.52.2...NL.18.2.%mol,-0.5629871070803389,0.8488442476449904,-0.19065502508036603
GM3.D18.1.22.0.%mol,-0.6300311021748648,0.196668535254776,-1.2921782973643878
PI.16.0_20.3...A.%mol,-0.6556629292902265,0.3940713409061065,-0.8527172430699673
LPC.P.20.0.%mol,-0.6834476495664212,0.42719459700518647,-0.7944061812374867
CER.D20.1.24.1.%mol,-0.7136579409641151,0.6343926092329404,-0.475735632560071
AC.18.1.%mol,-0.7157332010572368,0.8072313306169169,-0.24408014572147496
PE.P.18.1.20.3...B.%mol,-0.7215673038286532,0.35250317937506537,-0.9302869145261771
PE.15.MHDA_18.2.%mol,-0.7222650103608288,0.7114636650702039,-0.3700224948575737
SM.34.3.%mol,-0.7436239223412286,0.08784007662985119,-1.7089930935369466
TG.50.3...NL.14.1.%mol,-0.7880326705930258,0.13830148275409196,-1.483628028727429
DE.18.1.%mol,-0.7960664345120776,0.8888308824632103,-0.13982825599505241
PC.18.0_22.4.%mol,-0.8336066114926943,0.40541482878224544,-0.8324297665415925
DG.18.1_18.2.%mol,-0.8500679417571853,0.47879418844125743,-0.7085757747733475
AC.16.1..OH%mol,-0.8613079582531284,0.5293918714801812,-0.6292089918508291
LPC.22.5...SN1...N6.%mol,-0.8684680823858137,0.15423340131131857,-1.4260867327250009
LPC.O.24.1.%mol,-0.8711713436742237,0.4667194956441316,-0.7281750817870375
TG.52.3...NL.16.1.%mol,-0.8777236356663956,0.08786432921304471,-1.7088622493759744
SM.35.2...B.%mol,-0.878598473415952,0.07827298930155187,-1.7630548200040204
PC.O.18.0.18.2.%mol,-0.8885487259946458,0.23457165734266008,-1.1895616355769634
CE.17.0.%mol,-0.9008426152942111,0.6591026806308962,-0.44131712120405436
DG.18.1_18.3.%mol,-0.9056503436920469,0.6474237454092666,-0.4575169504093289
LPC.O.18.0.%mol,-0.9082496472271657,0.11134686098124524,-1.5939292584083118
LPC.20.4...SN2.%mol,-0.9123177963961489,0.5944866836162664,-0.5325591300618496
GM3.D18.1.20.0.%mol,-0.9174659331564747,0.13166776960792378,-1.5091011075479932
LPC.18.1...SN1.%mol,-0.9266738239428758,0.14712138281103004,-1.4511812993028637
AC.18.0..OH%mol,-0.937695064858552,0.4868828995269362,-0.6955975656427471
TG.53.2...NL.18.1.%mol,-0.9380038196661431,0.3626388988258503,-0.9108687516589947
AC.14.0..OH%mol,-0.9660443576781219,0.7634954318923785,-0.3009964252345716
TG.50.3...NL.16.1.%mol,-0.9861482863469213,0.1930425824418538,-1.302727778295986
PE.16.0_18.1.%mol,-1.0052987546647536,0.9443918993455096,-0.06977284278073635
DG.16.0_16.1.%mol,-1.0184033709907325,0.8034423640837933,-0.24897714736134666
TG.50.2...NL.14.0.%mol,-1.0276144277028578,0.2852969842549479,-1.0692112680000454
PE.P.18.0.22.4.%mol,-1.0290796213140894,0.3728082683833449,-0.8917253809248284
CE.20.4....OH.%mol,-1.0426864711503043,0.25937852806757844,-1.1286626175339127
LPE.P.18.1.%mol,-1.080657712616894,0.3544469144263156,-0.9265360150061374
PE.P.18.0.22.5...N6.%mol,-1.0875326239003442,0.44896978916570796,-0.7575060695201533
LPC.P.18.1.%mol,-1.1168267823936127,0.05119902726909925,-1.9527379380865761
PI.18.0_20.3...B.%mol,-1.1638986212068723,0.42998036177013277,-0.7896257045351343
TG.51.2...NL.17.0.%mol,-1.175846446252475,0.4813966099447261,-0.7043872914677419
LPC.22.5...N3...SN1...104_SN1.%mol,-1.2425020506022477,0.7665145191925428,-0.2970381117016193
LPC.22.4...SN1.%mol,-1.2532870201173552,0.04258287702810496,-2.0310226990224143
DG.18.1_20.3.%mol,-1.2588260358683794,0.46202156223589286,-0.7358764938178352
CER.D17.1.24.1.%mol,-1.293297323527085,0.8237954339544299,-0.22273908686784288
CE.22.6....OH.%mol,-1.3032084665508883,0.5444727831725418,-0.6063222611074585
TG.51.2...NL.17.1.%mol,-1.3309634181911854,0.3738996794380206,-0.8896902614150557
TG.54.3...SIM.%mol,-1.333978524805227,0.24311209336413178,-1.1681057746902517
TG.48.2...NL.14.1.%mol,-1.365200686865645,0.3772493886164626,-0.883467046405777
CER.D17.1.20.0.%mol,-1.3829407773886686,0.28208540786992375,-1.0763719958807936
TG.51.2...SIM.%mol,-1.4044280614091758,0.35739282839921394,-0.9208758946673625
CER.D18.1.24.1.%mol,-1.4388598912798756,0.6280648608790882,-0.4846393452768694
SM.D18.2.18.1.%mol,-1.4884179565274955,0.0010668103585726512,-3.2842997574571906
LPC.22.5...SN1...N3..LPC.22.5...SN2...N6.%mol,-1.50116685469607,0.5213202877642248,-0.6415944914981497
DEDE.18.2.%mol,-1.6274716474628086,0.004463904572390402,-2.8514648012695267
SM.D18.1.16.0.%mol,-1.6276087018135925,0.5013104262099888,-0.672734585758815
CE.22.4.%mol,-1.6572661849441968,0.026376978743567602,-2.2247392673550928
LPC.22.4...SN2.%mol,-1.6695822263959315,0.01860627847600045,-2.3581443483033393
DG.18.0_18.2.%mol,-1.7210023179640253,0.3583357349215981,-0.9190704695746741
PC.O.18.0.18.1.%mol,-1.7299405818748035,0.07906478523167115,-1.758382509669208
PC.16.0_20.3...B.%mol,-1.7314563900199609,0.16411095112034702,-1.3926553617319917
SM.40.3...B.%mol,-1.770768300856334,5.264627762925233e-05,-4.06558719839684
CER.D18.1.24.0.%mol,-2.113210542140031,0.8399677251818297,-0.20200045254686863
DEDE.20.4.%mol,-2.1500043751176747,0.00018343759331384044,-3.758398182860372
CER.D19.1.23.0.%mol,-2.1728011200307265,0.16592719717453175,-1.3866748821757109
LPC.O.20.0.%mol,-2.1956694747639816,0.046742127548967824,-1.9917130965805494
TG.53.2...SIM.%mol,-2.3511201946133458,0.22779311445828043,-1.2069890668686882
LPC.O.20.1.%mol,-2.4028589618161504,0.0005807845049584804,-3.4542840587110932
CE.20.0.%mol,-2.441649021330715,0.21687014177113714,-1.235868681273762
TG.48.2...NL.16.1.%mol,-2.450205204921428,0.21262419093748555,-1.2473773591225594
SM.38.3...B.%mol,-2.4903641944632504,0.003133111416495472,-2.9633737950798404
TG.50.2...SIM.%mol,-2.5087429598449535,0.13484988954962845,-1.4967609027467041
GM3.D18.1.24.0.%mol,-2.523260214086264,0.1558671897170383,-1.420447023057847
LPE.20.4...SN2.%mol,-2.53506896674201,0.06911339649279644,-1.820125795948374
PC.O.40.5.%mol,-2.544020851649691,0.023721244096192574,-2.2659439755713304
LPC.20.1...SN1.%mol,-2.673176650254458,0.6656138137750782,-0.43233589299638586
TG.54.1...SIM.%mol,-2.6984248244290736,0.2895326492335536,-1.0598501629444994
TG.54.0...NL.18.0.%mol,-2.7607826383818797,0.38461244268946126,-0.8699064819953872
CER.D19.1.20.0.%mol,-2.7765365096789054,0.04373286330653555,-2.019840307974282
LPC.18.1...SN2.%mol,-2.7900660682091,0.030297737863636227,-2.1700359769732342
TG.54.2...NL.18.0.%mol,-3.0226630364616582,0.08626383334825741,-1.7175603376091433
TG.50.1...NL.14.0.%mol,-3.2671463036844877,0.3624105998613958,-0.9113023426468311
LPC.O.22.1.%mol,-3.4510691063351864,0.010991014315127438,-2.548931172668339
PC.36.4....OH.%mol,-3.4917651908945153,0.8524253257967891,-0.18608493911384488
PC.16.0_18.3...B.%mol,-3.5919614224417735,0.4092965470944925,-0.8255658178758348
TG.53.2...NL.17.1.%mol,-3.7238483150134734,0.25316733891758125,-1.1435139234924372
LPC.P.17.0...B.%mol,-4.1843528926922815,0.4979330037144687,-0.6780548147917184
TG.54.2...SIM.%mol,-4.597205144323393,0.055569340631174094,-1.9171926478828512
DIMETHYL.CE.20.4.%mol,-4.638647567252491,0.7944646412726876,-0.2606044245336921
LPC.20.4...SN1.%mol,-5.251404604319493,0.15975301476066847,-1.407211692606045
PC.O.18.0.20.4.%mol,-5.966607715635458,0.08041836707081401,-1.7504827164077275
TG.51.1...NL.17.0.%mol,-6.241450019244805,0.4376220264752927,-0.7766039402415977
LPC.19.0...SN1...A....LPC.19.0...SN2...B.%mol,-6.734479398345162,0.6076255781012336,-0.5136685540223958
LPC.15.MHDA...SN2.%mol,-7.67834058089101,0.2786804831984984,-1.0840245855826625
SPH.D18.1.%mol,,0.050869628278518715,-1.9555188109465471
SPH.D18.2.%mol,,0.1339745250329698,-1.5001328443311641
S1P.D16.1.%mol,,0.60387865664233,-0.5190367597556229
S1P.D18.0.%mol,,0.8102547990498092,-0.24017670748304698
S1P.D18.1.%mol,,0.3656684262238511,-0.905131126327154
S1P.D18.2.%mol,,0.9453331568452963,0.06858995183570786
DHCER.D18.0.16.0.%mol,,0.9772335164940107,0.02854635517642063
DHCER.D18.0.18.0.%mol,,0.8327110241360707,0.21129483675753716
DHCER.D18.0.20.0.%mol,,0.6145512795694128,0.5037848391947601
DHCER.D18.0.22.0.%mol,,0.013746072675803368,-2.469286781076247
DHCER.D18.0.24.0.%mol,,0.14473643932829375,-1.459804253341926
DHCER.D18.0.24.1.%mol,,0.4317572674189225,-0.7865858782548082
CER.D16.1.16.0.%mol,,0.11621448408116865,-1.5725670566307273
CER.D16.1.18.0.%mol,,0.15691410722690646,-1.4168567342117118
CER.D16.1.20.0.%mol,,0.146680400614788,-1.4527675881843662
CER.D16.1.22.0.%mol,,0.8837742960707219,0.14623299825220826
CER.D16.1.23.0.%mol,,0.4135949868335441,0.8180101052582563
CER.D16.1.24.0.%mol,,0.46568933617818675,0.7298601308523469
CER.D17.1.16.0.%mol,,0.024031329710167026,-2.260932185147973
CER.D17.1.18.0.%mol,,0.004582368525267464,-2.843041489962138
CER.D17.1.24.0.%mol,,0.865509880339647,-0.16941903631382768
CER.D18.1.16.0.%mol,,0.009477416930972506,-2.6006163865713012
CER.D18.1.18.0.%mol,,6.9180545986450475e-06,-4.526177843423811
CER.D18.1.19.0.%mol,,0.1387133169016879,-1.4820780209454616
CER.D18.1.20.0.%mol,,0.0022362544788293416,-3.0668295727583557
CER.D18.1.21.0.%mol,,0.0019026473929977946,-3.115379042097881
CER.D18.1.22.0.%mol,,0.023282460394117774,-2.27313406382526
CER.D18.1.23.0.%mol,,0.05992342522499933,-1.8840292392226758
CER.D18.1.26.0.%mol,,0.11388911062269985,-1.5826823589329304
CER.D18.2.14.0.%mol,,0.008079221649503062,-2.6553915844455847
CER.D18.2.16.0.%mol,,0.2114152534623285,-1.250684549907152
CER.D18.2.18.0.%mol,,0.04153178795104288,-2.04146950587288
CER.D18.2.20.0.%mol,,0.429782927380705,-0.7899639142891846
CER.D18.2.24.0.%mol,,0.31319953869325917,1.0091672892512582
CER.D18.2.26.0.%mol,,0.5049505200843106,0.6670218389499981
CER.D19.1.18.0.%mol,,0.001405062394560136,-3.204821620773765
CER.D19.1.22.0.%mol,,0.02193707451872788,-2.2959400916679136
CER.D19.1.24.0.%mol,,0.024080546554492533,-2.2601418859589284
CER.D19.1.24.1.%mol,,0.22708431770857954,-1.2088326079869476
CER.D19.1.26.0.%mol,,0.5415936177913028,-0.6106668282843095
CER.D20.1.22.0.%mol,,0.002674699413241503,-3.012270525101814
CER.D20.1.23.0.%mol,,0.030867258723640583,-2.1626048574137817
CER.D20.1.24.0.%mol,,0.11582284251845436,-1.5742594498967584
CER.M18.0.20.0.%mol,,0.03232613470085356,2.1440937369302167
CER.M18.0.22.0.%mol,,0.07622586363244485,1.7753159556358062
CER.M18.0.23.0.%mol,,0.30824736734549524,1.0195558644171863
CER.M18.0.24.0.%mol,,0.015966258876422376,2.4148218494110267
CER.M18.0.24.1.%mol,,0.1480638613886452,1.4478032125605538
CER.M18.1.18.0.%mol,,0.06610008810712295,1.8402616111930379
CER.M18.1.20.0.%mol,,0.12988517435271907,1.5161154613926853
CER.M18.1.22.0.%mol,,0.03850085795545635,2.0729041549003164
CER.M18.1.23.0.%mol,,0.006846287613159926,2.7112720797738654
CER.M18.1.24.0.%mol,,0.030395913725788197,2.1687464491573283
CER.M18.1.24.1.%mol,,0.003272469335306106,2.9498049871806282
CER1P.D18.1.16.0.%mol,,0.061089706796840164,1.8754874056929483
HEXCER.D16.1.18.0.%mol,,0.1769915703014983,-1.3512680793223586
HEXCER.D16.1.20.0.%mol,,0.9424474177602697,-0.07221681036981008
HEXCER.D16.1.22.0.%mol,,0.1328508343234656,1.5044864672031948
HEXCER.D16.1.24.0.%mol,,0.7379182626675306,0.3347276757433243
HEXCER.D18.1.16.0.%mol,,0.9938732957082368,-0.007681160692913407
HEXCER.D18.1.18.0.%mol,,0.14058938733147366,1.4750617007416729
HEXCER.D18.1.20.0.%mol,,0.9306792603234784,0.08701764681581231
HEXCER.D18.1.22.0.%mol,,0.6865644948802059,-0.40366834317248795
HEXCER.D18.1.24.0.%mol,,0.6185617169984498,-0.49808401947908565
HEXCER.D18.1.24.1.%mol,,0.45223642891700433,-0.7520595904425814
HEXCER.D18.2.18.0.%mol,,0.5206388836680083,-0.6426445725857195
HEXCER.D18.2.20.0.%mol,,0.10382304844455133,-1.6284507756016129
HEXCER.D18.2.22.0.%mol,,0.9380826210486728,-0.07770440358983856
HEXCER.D18.2.24.0.%mol,,0.2939954019476241,1.0500866066937784
HEX2CER.D16.1.16.0.%mol,,0.09555184342243511,-1.668782100496273
HEX2CER.D16.1.24.1.%mol,,0.01920598541940879,-2.3462612641777647
HEX2CER.D18.1.16.0.%mol,,0.08123703405288357,-1.7457571798175449
HEX2CER.D18.1.20.0.%mol,,0.000401007011491726,-3.5544396137715353
HEX2CER.D18.1.22.0.%mol,,0.00030826906600257224,-3.6241206718928423
HEX2CER.D18.1.24.0.%mol,,0.028356115465198724,-2.1963089375669216
HEX2CER.D18.1.24.1.%mol,,0.0024163536540470145,-3.043324816529022
HEX2CER.D18.2.16.0.%mol,,0.01850935939041442,-2.360096203167456
HEX2CER.D18.2.24.1.%mol,,0.003375580719608902,-2.940100802481059
HEX3CER.D18.1.16.0.%mol,,0.1706333906446108,-1.3714046007679763
HEX3CER.D18.1.20.0.%mol,,0.01990181588998654,-2.332874060976565
HEX3CER.D18.1.22.0.%mol,,0.07103730643635088,-1.8076446784724072
HEX3CER.D18.1.24.1.%mol,,0.5512518741786797,-0.5961376952080828
GM1.D18.1.16.0.%mol,,0.02495818623894202,-2.2462795742713872
SULFATIDE..D18.1..16.0.OH..%mol,,0.005187116157076948,-2.8028957648677806
SULFATIDE..D18.1..16.0.%mol,,0.020269416763713608,-2.3259662216234926
SULFATIDE..D18.1..24.0.OH..%mol,,0.17071314905720006,-1.3711485498236673
SULFATIDE..D18.1..24.0.%mol,,0.5702054198528144,0.5679836834678076
SULFATIDE..D18.1..24.1.OH..%mol,,0.2835782010611571,-1.073036730079063
SULFATIDE..D18.1..24.1.%mol,,0.38494082971277954,0.8693054201759474
SM.37.1.%mol,,0.05078233837608385,-1.9562582671594633
SM.37.2.%mol,,7.961028045675812e-09,5.8316674544626075
SM.38.3...A.%mol,,0.00015289530000580723,-3.804543203177303
SM.40.3...A.%mol,,0.14162649974272784,-1.4712139205877641
SM.41.0.%mol,,0.008367009567353896,-2.6434583977739794
SM.41.1...A.%mol,,0.003909216967820633,-2.893827322976725
SM.43.1.%mol,,0.4574160199013675,-0.7434690750378153
SM.43.2...B.%mol,,0.03498185928767034,-2.112162829325918
SM.43.2...C.%mol,,0.04028917279315015,-2.054113262054837
SM.44.1.%mol,,0.5789177209946477,-0.5551932020283513
SM.44.2.%mol,,0.5555268552696844,-0.5897469173178101
SM.44.3.%mol,,0.3154052382864872,-1.0045751054381518
SM.D16.1.23.0..SM.D17.1.22.0.%mol,,0.4899174833343185,0.6907588237521705
SM.D16.1.24.1.%mol,,0.8001653426066393,0.2532173139179891
SM.D17.1.14.0.%mol,,0.5401894156820989,-0.6127899109013271
SM.D17.1.16.0.%mol,,0.24892545097211877,-1.1538031732501732
SM.D17.1.24.1.%mol,,0.41151516242010955,-0.821660119692344
SM.D18.0.14.0.%mol,,0.6355444489608187,-0.4741189643179642
SM.D18.0.16.0.%mol,,0.7673490321017153,-0.2959448091834983
SM.D18.0.22.0.%mol,,0.01273859265504888,-2.496615606592267
SM.D18.1.14.0..SM.D16.1.16.0.%mol,,0.09933892541546524,-1.6499831087214136
SM.D18.1.17.0..SM.D17.1.18.0.%mol,,0.1826057417976641,-1.3339320537452783
SM.D18.1.18.0..SM.D16.1.20.0.%mol,,0.011389439149216639,-2.536384949751567
SM.D18.1.20.0..SM.D16.1.22.0.%mol,,0.9249566709737739,0.09422166144842598
SM.D18.1.22.0..SM.D16.1.24.0.%mol,,0.04806939794018531,-1.9797905475441906
SM.D18.1.23.0..SM.D17.1.24.0.%mol,,0.1864544501836288,-1.3222751674919606
SM.D18.1.24.0.%mol,,0.5885440668897114,-0.541165652827677
SM.D18.1.24.1.%mol,,0.22969749347429044,-1.202056075216591
SM.D18.2.14.0.%mol,,0.0103460617726546,-2.5701259454928587
SM.D18.2.16.0.%mol,,0.04658555997213503,-1.9931382544413452
SM.D18.2.17.0.%mol,,0.034787080200784574,-2.1144328783755517
SM.D18.2.18.0.%mol,,0.008090902570411188,-2.654899865971535
SM.D18.2.20.0.%mol,,0.22053972123025625,-1.2260524200368565
SM.D18.2.22.0.%mol,,0.33993513147791465,-0.9548635654038216
SM.D18.2.23.0.%mol,,0.08277292251130115,-1.7369951534366295
SM.D18.2.24.0.%mol,,0.5823496206114092,-0.5501798165718753
SM.D19.1.24.1.%mol,,0.4206408910333377,-0.8057249333723794
PA.34.1.%mol,,0.6591779470631397,-0.44121309889503835
PA.36.1.%mol,,0.6292611086879734,-0.4829531876648834
PA.36.2.%mol,,0.12441322544043545,-1.538125965512724
PA.36.3.%mol,,0.6133026336946914,0.505563125980652
PA.36.4.%mol,,9.89094524429934e-06,-4.4480618408045025
PA.40.6.%mol,,0.7745616370958919,-0.2865101041793949
PC.14.0_16.0.%mol,,0.8466937910486745,-0.19340129713133053
PC.14.0_20.4.%mol,,0.2848405755684725,-1.070225561015018
PC.14.0_22.6.%mol,,0.10524729636105055,1.621766839306791
PC.15.MHDA_22.6.%mol,,0.0002636087277529167,3.6650480424763177
PC.15.0_20.3.%mol,,0.3372133621043366,0.9602622736571562
PC.15.0_20.4.%mol,,0.3545464339479788,0.9263443192582922
PC.15.0_22.6.%mol,,0.001202741906456057,3.249890503926731
PC.16.0_16.0.%mol,,0.41511659054424777,0.8153466391389724
PC.16.0_18.1.%mol,,0.13922532780416827,1.4801559251966148
PC.16.0_18.2.%mol,,0.01067586943337679,2.559145054387775
PC.16.0_18.3...A.%mol,,0.5833847602412101,-0.548670383128558
PC.16.0_20.4.%mol,,0.2705890013064453,-1.1024698591720958
PC.16.0_20.5.%mol,,0.0007922234438115237,3.3683974198884217
PC.16.0_22.6.%mol,,0.0001446198112137093,3.8185467023751274
PC.16.1_20.4.%mol,,0.044719086401967666,-2.010446811842406
PC.16.1_22.6.%mol,,0.023486166414784015,2.269781532184984
PC.17.0_18.2.%mol,,0.006235916176038925,2.7423781436266252
PC.17.0_22.6.%mol,,0.00020330428170921739,3.7321278276427705
PC.18.0_18.1.%mol,,0.735809427433832,-0.3375253740760253
PC.18.0_18.2.%mol,,0.0006244793980723707,3.4343799686988934
PC.18.0_20.3.%mol,,0.7525836600381267,0.3153427614765512
PC.18.0_20.4.%mol,,0.39887120208275373,-0.8440904390050609
PC.18.0_22.5...N3..PC.20.1_20.4.%mol,,0.974186259736842,0.032368495769557006
PC.18.0_22.6.%mol,,0.0029664470388182473,2.9803447565076895
PC.18.1_22.6...A.%mol,,0.021156295145074472,2.30974049580616
PC.18.2_18.2.%mol,,0.36064576840167595,0.9146599550740931
PC.18.2_20.5.%mol,,4.780755150018545e-05,4.088481617644327
PC.20.0_20.4.%mol,,0.7080585072613645,-0.3745983062178324
PC.28.0.%mol,,0.45774653951474187,-0.742922763307598
PC.31.0...A.%mol,,0.826059518530474,-0.21983014906036488
PC.31.0...B.%mol,,0.8234799832865258,0.2231445329847009
PC.32.1.%mol,,0.4513425813972275,-0.7535476816439718
PC.32.2.%mol,,0.8373924713768015,-0.20529679710490764
PC.33.0...B.%mol,,0.4745055836714004,0.715505385664826
PC.33.2.%mol,,0.0069345701046535976,2.706981572895032
PC.34.5.%mol,,0.062269592134376904,1.8669825509696913
PC.35.5.%mol,,0.0028112891720537985,2.996946499713192
PC.36.6...A.%mol,,0.015294250207285169,2.4305622406359535
PC.38.2.%mol,,0.048027762724373334,1.980160309199779
PC.38.5...B.%mol,,0.07668237054861012,1.7725586473432495
PC.38.6...A.%mol,,0.012990192368064422,2.489616031333482
PC.39.5..A.%mol,,0.2973784047782983,1.0427514899576826
PC.39.5..B.%mol,,0.6679140039087051,0.42917145478379126
PC.40.7...A.%mol,,0.28721141580252824,1.0649686889020236
PC.40.8.%mol,,0.00044538383096900307,3.5263050775280766
PC.44.12.%mol,,1.4912385273592732e-05,4.356846725855386
PC.O.16.0.16.0.%mol,,0.21488474704235772,1.2412296591170704
PC.O.16.0.20.3.%mol,,0.0775020811518681,-1.7676410548839097
PC.O.16.0.20.4.%mol,,0.4486690704483519,0.7580085883126854
PC.O.16.0.22.6.%mol,,0.002461065670013796,3.0377389594733675
PC.O.18.1.18.1.%mol,,0.8225872019370872,-0.22429221673403843
PC.O.18.1.18.2.%mol,,0.4915460446743456,0.6881686950320978
PC.O.32.1.%mol,,0.0003897454921388935,3.5620425266181184
PC.O.32.2.%mol,,0.003029107642878919,2.973864345151103
PC.O.34.1.%mol,,0.794558868189781,0.26048220826948315
PC.O.34.2.%mol,,0.13026840248486046,1.5146012075469137
PC.O.34.4.%mol,,0.0010513833987403384,3.288458363046
PC.O.35.4.%mol,,0.01158477381934054,2.5303759718785117
PC.O.36.0.%mol,,0.01113982897223736,-2.5441984227237473
PC.O.36.5.%mol,,8.778431800423927e-05,3.942261000008196
PC.O.38.5.%mol,,0.732210990045154,-0.3423053889503431
PC.P.15.0.20.4...A.%mol,,0.9276292737004397,0.09085660681952548
PC.P.15.0.20.4...B.%mol,,0.47656479959919884,0.7121737941548387
PC.P.16.0.14.0.%mol,,0.3567555759947051,0.9220977722245208
PC.P.16.0.16.0.%mol,,0.20239817968162083,1.2757953295179623
PC.P.16.0.16.1.%mol,,0.6426395500880993,0.46418771324824326
PC.P.16.0.18.0.%mol,,0.33610260116698265,-0.9624735588686371
PC.P.16.0.18.1.%mol,,0.28798158225576354,1.063267315706843
PC.P.16.0.18.2.%mol,,0.08564327926422925,1.7209679618941927
PC.P.16.0.18.3.%mol,,0.7363229320062399,0.33684388749854627
PC.P.16.0.20.4.%mol,,0.13812490888470222,1.4842936859344285
PC.P.16.0.20.5.%mol,,4.1307888797378174e-05,4.122972471617905
PC.P.16.0.22.6.%mol,,4.4231393126937854e-05,4.106863748657634
PC.P.17.0.20.4...A.%mol,,0.6907080745586172,0.3980384014267255
PC.P.17.0.20.4...B.%mol,,0.5167656062846103,0.6486270497177111
PC.P.18.0.20.4.%mol,,0.4947358565479354,-0.6831088224356252
PC.P.18.0.22.5.%mol,,0.3291139485344293,-0.9764959256453781
PC.P.18.0.22.6.%mol,,0.002246187742101699,3.0654886759546343
PC.P.18.1.22.6.%mol,,0.06744153505561232,1.831206159916134
PC.P.20.0.20.4.%mol,,0.0001186140319182083,-3.8680790162806753
PC.P.35.2..A.%mol,,0.8072105723209146,0.24410695845176694
PC.P.35.2..B.%mol,,0.38454210163475766,0.8700352713359514
PC.P.38.5...A.%mol,,0.7123015466949185,-0.36889775100258243
LPC.14.0...SN1.%mol,,0.019788091086983223,-2.335033744301727
LPC.14.0...SN2.%mol,,0.19821187855318115,-1.2877313365511796
LPC.15.0...SN1.%mol,,0.2430472000411416,-1.1682667818861026
LPC.15.0...SN2.%mol,,0.2370858575324181,-1.1831886919328847
LPC.16.0...SN1.%mol,,0.09141088541647684,-1.6900347762943926
LPC.16.0...SN2.%mol,,0.09597592052202998,-1.6666476196099242
LPC.16.1...SN1.%mol,,0.0030731936139972355,-2.9693779552633965
LPC.16.1...SN2.%mol,,0.3774559993860992,-0.8830843179336556
LPC.17.1...SN1...A....LPC.17.1...SN2...B.%mol,,0.1288411718689118,-1.5202583448318319
LPC.17.1...SN1...B.%mol,,0.6875100976895077,0.40238241696621485
LPC.17.1...SN2...A.%mol,,0.24706830011505646,-1.1583465870971057
LPC.18.0...SN1.%mol,,0.08023948328940332,-1.7515204826535749
LPC.18.0...SN2.%mol,,0.012661615385491981,-2.498781627026012
LPC.18.2...SN1.%mol,,0.030990858864092967,2.161007713957326
LPC.18.2...SN2.%mol,,0.2857210414511206,1.0682698554660757
LPC.18.3...A...SN1...104_SN1.%mol,,0.27289475153179527,-1.0971756510748014
LPC.18.3...SN1...A..LPC.18.3...SN2...B.%mol,,0.7865250379614532,-0.2709166300830924
LPC.18.3...SN1...B.%mol,,0.6415728176566896,-0.4656779065460886
LPC.18.3...SN2...A.%mol,,0.7573105718112769,0.30912021263463285
LPC.19.0...A...SN1...104_SN1.%mol,,0.6060613882571395,0.5159077550245861
LPC.19.0...SN2...A.%mol,,0.6359663999298331,0.4735270442216314
LPC.19.1...C.%mol,,0.92629014536898,0.09254256240116686
LPC.20.0...SN1.%mol,,0.6061808348238897,-0.5157366712388216
LPC.20.0...SN2.%mol,,0.2659715207291179,-1.1131659517214676
LPC.20.1...SN2.%mol,,0.6072481281376267,-0.5142086525477736
LPC.20.2...SN2.%mol,,0.9908080095274937,-0.011524307715701766
LPC.20.3...SN2.%mol,,0.9910458040383248,-0.011226164030325881
LPC.20.5...SN1.%mol,,0.0002719468622998107,3.656935785712119
LPC.20.5...SN2.%mol,,0.0004111682085126942,3.5477491575858466
LPC.22.0...SN1.%mol,,0.46146820146742884,0.7367865014683864
LPC.22.0...SN2.%mol,,0.7506829139515079,-0.3178483570262504
LPC.22.1...SN1.%mol,,0.002713604731911315,3.0078340949767273
LPC.22.1...SN2.%mol,,0.0029456280251109134,2.9825255879366566
LPC.22.6...SN1.%mol,,0.03593740398503018,2.1011805889358666
LPC.22.6...SN2.%mol,,0.025736385938626486,2.234337272358968
LPC.24.0...SN1.%mol,,0.6343383499995361,0.47581181894695557
LPC.24.0...SN2.%mol,,0.9874331757057442,-0.015755753916238735
LPC.26.0...SN1.%mol,,0.760012718096546,-0.3055684740509605
LPC.26.0...SN2.%mol,,0.9415491427673042,0.07334597347515288
LPC.O.16.0.%mol,,0.10620145591167779,-1.617329134126069
LPC.O.18.1.%mol,,0.012018421692842084,-2.5173513662602
LPC.O.24.0.%mol,,0.008248867188045943,2.6483119801013335
LPC.O.24.2.%mol,,0.49029646479862077,-0.6901556630692336
PE.15.MHDA_18.1.%mol,,0.31592633562053857,1.0034932905272302
PE.15.MHDA_20.4.%mol,,0.9184853516369501,-0.10237415511155802
PE.15.MHDA_22.6.%mol,,0.017286173165170348,2.3855333607217757
PE.16.0_16.0.%mol,,0.035328469658145414,-2.108149867128965
PE.16.0_16.1.%mol,,0.1822283355495201,-1.3350849178006468
PE.16.0_18.2.%mol,,0.6614024902236546,0.43814081020124895
PE.16.0_18.3...A.%mol,,0.767078509143293,-0.2962991847751449
PE.16.0_18.3...B.%mol,,0.19795693347725973,-1.2884641760450286
PE.16.0_20.4.%mol,,0.984735186305937,-0.01913875615756802
PE.16.0_20.5.%mol,,0.08137602901838388,1.744958718590162
PE.16.0_22.6.%mol,,0.035024064327985695,2.111672377200051
PE.16.1_20.4.%mol,,0.11327710005164138,-1.585371631845374
PE.17.0_22.6.%mol,,0.009294942687144408,2.6073373214995312
PE.18.0_18.1.%mol,,0.4590154009578169,-0.740827534946816
PE.18.0_18.2.%mol,,0.6084159439056229,0.512538093751536
PE.18.0_20.3...A.%mol,,0.9084653536063416,-0.11501088579273078
PE.18.0_20.3...B.%mol,,0.274123262507074,-1.094367393964487
PE.18.0_20.4.%mol,,0.6980559427953814,-0.38808558531054355
PE.18.0_22.5...N3.%mol,,0.8020197638945332,0.25081730717602574
PE.18.0_22.6.%mol,,0.3997694592524429,0.8424829753499471
PE.18.1_18.1.%mol,,0.9106889391605134,-0.11220509173237989
PE.18.1_22.6...A.%mol,,0.03506812356070037,2.1111609170682466
PE.20.0_20.4.%mol,,0.42405196596936745,0.7998209519620509
PE.36.0.%mol,,0.8003167825707003,0.2530212645372613
PE.O.16.0.18.2.%mol,,0.03171686450694483,2.151735431457305
PE.O.16.0.20.4.%mol,,0.0032543706011609803,2.951537051097511
PE.O.16.0.22.6.%mol,,0.00012963590188485934,3.8459448008260386
PE.O.18.0.20.4.%mol,,0.4737839666890731,0.7166747658520886
PE.O.18.0.22.5.%mol,,0.7143209149562146,0.3661889350730435
PE.O.18.0.22.6.%mol,,0.0037044887059345007,2.9108569831534226
PE.O.18.1.18.2.%mol,,0.26833521657850007,1.1076747775585278
PE.O.18.1.22.6.%mol,,6.795123076140793e-05,4.004442341629155
PE.O.34.1.%mol,,0.04130378112995743,2.0437652247482148
PE.O.36.5.%mol,,1.6422729493766334e-06,4.82924047604125
PE.O.38.5...A.%mol,,0.04699288136769169,1.9894389697547474
PE.O.38.5...B.%mol,,0.0015075159687208987,3.184244348525054
PE.P.15.0.20.4...A.%mol,,0.6891398195987184,0.4001677173446217
PE.P.15.0.20.4...B.%mol,,0.4127823696807851,0.8194349180111089
PE.P.15.0.22.6...A.%mol,,0.022015651820096637,2.294575054882405
PE.P.15.0.22.6...B.%mol,,1.6462343406818948e-05,4.334629295056082
PE.P.16.0.18.1.%mol,,0.6930200156654837,0.39490262557910843
PE.P.16.0.18.2.%mol,,0.3419265566009154,0.9509310832451666
PE.P.16.0.18.3.%mol,,0.36556877813604916,0.9053193756519287
PE.P.16.0.20.3...A.%mol,,0.6343968480162774,-0.4757296809228823
PE.P.16.0.20.3...B.%mol,,0.3933975513197443,0.8539333294161642
PE.P.16.0.20.4.%mol,,0.9173433223280459,0.10381356249953008
PE.P.16.0.20.5.%mol,,1.6177790669176275e-05,4.3385540883362514
PE.P.16.0.22.4.%mol,,0.0782904945855862,-1.762951107362943
PE.P.16.0.22.5...N3.%mol,,0.364948878353616,0.906491175527742
PE.P.16.0.22.6.%mol,,0.0007909631009788674,3.36884259461412
PE.P.17.0.20.4...A.%mol,,0.7832619863791171,0.27516309823048624
PE.P.17.0.20.4...B.%mol,,0.44165867701893924,0.769778246322581
PE.P.17.0.22.6...A.%mol,,0.0016277199819026797,3.1616872804619716
PE.P.17.0.22.6...B.%mol,,0.0003131407173982096,3.6199985883000996
PE.P.18.0.18.1.%mol,,0.7746944082097103,0.2863366698717745
PE.P.18.0.18.3.%mol,,0.9504156642126822,-0.062204314371712865
PE.P.18.0.20.3...A.%mol,,0.5451558773049099,-0.6052931761510122
PE.P.18.0.20.4.%mol,,0.8172110883424077,0.23120960509336924
PE.P.18.0.20.5.%mol,,9.118591929147335e-05,3.932957799970409
PE.P.18.0.22.5...N3.%mol,,0.3832626296388246,0.8723804162324855
PE.P.18.0.22.6.%mol,,0.0010319146107349915,3.293788008238009
PE.P.18.1.18.1...A.%mol,,0.4260436610333519,0.7963865386447867
PE.P.18.1.18.2...A.%mol,,0.11233293410255339,1.5895430329276925
PE.P.18.1.18.3.%mol,,0.04096112380309392,2.0472356264241816
PE.P.18.1.20.3...A.%mol,,0.6309885740296758,0.4805206799944188
PE.P.18.1.20.4...A.%mol,,0.13109650555888386,1.5113409029524338
PE.P.18.1.20.5...A.%mol,,1.5969003687516163e-05,4.341476013772712
PE.P.18.1.20.5...B.%mol,,0.004542077847434277,2.845883925643998
PE.P.18.1.22.5...A.%mol,,0.3516912955062881,0.9318575188646095
PE.P.18.1.22.6...A.%mol,,0.00014366561692045216,3.8202096917289343
PE.P.19.0.20.4...A.%mol,,0.13429387166520373,1.4989007354190365
PE.P.19.0.20.4...B.%mol,,0.7878650984486694,0.26917412306841265
PE.P.20.0.18.1.%mol,,0.4075813383208241,-0.8285939639039587
PE.P.20.0.18.2.%mol,,0.2768765948144578,-1.0881046744765455
PE.P.20.0.20.4.%mol,,0.428902789327513,-0.7914727127749366
PE.P.20.0.22.6.%mol,,0.004848367474958656,2.824825372921327
PE.P.20.1.20.4.%mol,,0.364266772267407,0.9077820046709576
PE.P.20.1.22.6.%mol,,0.039975579222359635,2.0573563975998375
LPE.16.0...SN1.%mol,,0.48127450451433584,-0.7045835380042709
LPE.16.0...SN2.%mol,,0.8445633774315162,-0.19612341373913758
LPE.18.0...SN1.%mol,,0.05284655684988981,-1.939050130094
LPE.18.0...SN2.%mol,,0.20670596105509748,-1.2636996552029514
LPE.20.4...SN1.%mol,,0.04402861578341637,-2.0170047019078163
LPE.22.6...SN1.%mol,,0.09128950761959369,-1.6906693124117862
LPE.22.6...SN2.%mol,,1.1698560922188314e-06,-4.8983343567947975
LPE.P.16.0.%mol,,0.4463339700194032,-0.761917220455542
LPE.P.18.0.%mol,,0.35447301274687326,0.9264857408005113
LPE.P.20.0.%mol,,0.014089422154845859,-2.4603775678181643
PI.15.MHDA_18.2..PI.17.0_18.2.%mol,,0.8041405975639856,-0.2480742784662913
PI.15.MHDA_20.4..PI.17.0_20.4.%mol,,0.8370600481370941,0.20572246343538844
PI.16.0_16.1.%mol,,0.22958970638732806,-1.2023345002885184
PI.16.0_20.3...B.%mol,,0.2546908406587567,-1.139847867519908
PI.16.0_20.4.%mol,,0.7871837095967711,-0.2700600438127915
PI.16.0.16.0.%mol,,0.30158034906989273,-1.0337181050782214
PI.18.0_20.2.%mol,,0.2716713150666626,1.0999809317702343
PI.18.0_20.3...A.%mol,,0.00491386337386465,2.8204793445403085
PI.18.0_20.4.%mol,,0.6977923167540171,-0.38844200072349766
PI.18.0_22.5...N3.%mol,,0.5928651734836485,-0.5349035761133054
PI.18.0_22.5...N6.%mol,,0.21458969175007467,-1.2420294172981368
PI.18.0_22.6.%mol,,0.020173879038359176,2.327750934464945
PI.20.0_20.4.%mol,,0.4871218093740157,0.6952160260853376
PI.34.0.%mol,,0.7568348517341751,-0.30974590877813857
PI.34.1.%mol,,0.6515395430342505,-0.4517944301694489
PI.36.2.%mol,,0.4313198451597141,-0.7873335191408739
PI.37.6.%mol,,0.003816140311374514,2.901466389395447
PI.38.5...A.%mol,,0.08721781143987187,-1.7123602794053863
PI.38.6.%mol,,0.03256063758952289,2.1411854411853426
PI.39.6.%mol,,0.004936590807689244,2.818983512128802
PIP1.38.4.%mol,,0.2795104487461193,1.0821533917526809
LPI.18.0...SN1.%mol,,0.06543608487509861,-1.8448002148710958
LPI.18.0...SN2.%mol,,5.563206988333941e-06,-4.573234667853074
LPI.18.1...SN1.%mol,,0.21246505963547077,-1.2478119023593388
LPI.18.2...SN1.%mol,,0.17724734027387545,-1.3504694429845179
LPI.18.2...SN2.%mol,,0.9911705151291128,-0.011069803277046058
LPI.20.4...SN1.%mol,,0.34830089417165755,0.9384413186183058
PS.36.1.%mol,,0.24642900078091975,1.159916138138688
PS.38.3.%mol,,0.9892269577842268,0.013506637315745801
PS.38.4.%mol,,0.4231563671315881,0.8013683722666085
PS.40.5.%mol,,0.003062865605419305,2.9704236809310522
PS.40.6.%mol,,0.00903129003396065,2.6172596316097105
PG.36.1.%mol,,0.22172458414635696,-1.2229079631701747
PG.36.2.%mol,,0.5058895946158727,0.6655515950772374
CE.14.0.%mol,,0.598249538722639,-0.5271298792800646
CE.15.0.%mol,,0.885099296556674,-0.14455416423880596
CE.16.0.%mol,,0.23870936446016325,-1.1790988508119218
CE.16.1.%mol,,0.015243183498990532,-2.4317831526944387
CE.16.2.%mol,,0.5062923055989892,-0.6649215394068924
CE.17.1.%mol,,0.3805535096190753,-0.8773618756758135
CE.18.3.%mol,,0.38634773732057204,-0.8667338402580756
CE.20.2.%mol,,0.5790357744646561,0.5550205158048027
CE.20.3.%mol,,0.8454287378555112,-0.1950175329959802
CE.20.4.%mol,,0.4582573149038175,-0.7420789450997607
CE.20.5.%mol,,0.0006916802311028233,3.406168420984233
CE.22.0.%mol,,0.14192463505778619,-1.4701118273035212
CE.22.1.%mol,,0.009073259029816205,2.6156629749289926
CE.22.6.%mol,,0.035885098920997484,2.101775244248942
CE.24.0.%mol,,0.5281184422997967,-0.6311565598083002
CE.24.1.%mol,,0.39851164045912235,-0.8447344992728006
CE.24.4.%mol,,0.8754362646986131,-0.15680732348790097
CE.24.5.%mol,,0.18773387303504863,1.318439573596641
CE.24.6.%mol,,0.01352518809337875,2.4751229318426207
COH%mol,,0.00017312512887238135,3.77311094876399
DE.16.0.%mol,,0.005737842472047814,2.769867676650365
DE.18.2.%mol,,0.39025506420793254,0.8596218087652541
DE.20.4.%mol,,0.1118469589098736,-1.5917009158116688
DE.20.5.%mol,,0.008197062613248008,2.650459920441182
DE.22.6.%mol,,0.024667312573581693,2.250826377888948
METHYL.CE.18.0.%mol,,0.36511670295446086,-0.9061738129315381
METHYL.CE.18.1.%mol,,0.7759820305457479,-0.28465513977986856
METHYL.CE.20.4.%mol,,0.6552619640650525,-0.4466315811941038
METHYL.CE.22.6.%mol,,0.09854885144591201,1.653857059652375
METHYL.DE.18.1.%mol,,0.6021630189651564,0.5214997462957729
METHYL.DE.18.2.%mol,,0.18383382268579967,1.330192835366341
DIMETHYL.CE.18.1.%mol,,0.5829673596900367,0.5492788829987864
DIMETHYL.CE.18.2.%mol,,0.6291505454672695,0.48310897310095346
DIMETHYL.CE.22.6.%mol,,0.029354820051276747,2.1826078302134997
FA.14.0.%mol,,0.1516972578299522,1.4349321066336884
FA.16.0.%mol,,0.20080758694011744,-1.2803089785266522
FA.16.1.%mol,,0.2371907322158901,-1.1829239001900291
FA.17.0.%mol,,0.16189842459659426,-1.4000085893907313
FA.17.1.%mol,,0.06312271493772648,-1.8609158973703424
FA.18.0.%mol,,0.03997756207525662,2.057335823427016
FA.18.1.%mol,,0.06033491825579524,-1.8809998316541694
FA.18.2.%mol,,0.07382918366505052,-1.7900175171046022
FA.18.3.%mol,,0.5485524477096899,-0.6001857072709382
FA.20.2.%mol,,0.10218854179449269,-1.6362120180584974
FA.20.3.%mol,,0.005516671862117901,-2.7827719611803183
FA.20.4.%mol,,6.861081362743323e-05,-4.002111981997721
FA.20.5.%mol,,0.03378396587009584,2.1262988839044135
FA.22.4.%mol,,0.6079577550293558,-0.5131933613749164
FA.22.5.%mol,,0.15072252464532282,-1.438361722908489
FA.22.6.%mol,,0.04789019779497665,1.9813839429078985
AC.12.0.%mol,,0.07922508096257902,1.757441265688347
AC.13.0.%mol,,5.615753151748091e-06,4.571213734955358
AC.14.0.%mol,,0.007154408604642885,2.6965073581691295
AC.15.0...A.%mol,,0.030417888501267056,2.168458304286962
AC.15.0...B.%mol,,0.9944595793604731,0.006946113743573694
AC.16.0.%mol,,0.10285628400843791,1.6330294653481934
AC.16.1.%mol,,0.22404861708901633,1.2167751602950494
AC.17.0...A.%mol,,0.7216090769488739,0.35643463665505865
AC.17.0...B.%mol,,0.5642363891575629,0.5768006525572825
AC.18.2.%mol,,0.14020420907349548,1.4764963154080044
AC.18.3.%mol,,0.6700769864353501,0.4261996972123471
AC.20.3...A.%mol,,0.9580404852844563,-0.052629205358647284
AC.20.3...B.%mol,,0.052979764394602655,-1.9379591232343052
AC.20.4.%mol,,0.22369017325984566,-1.2177180604873772
AC.20.5.%mol,,0.24477429382215599,1.1639919512198273
AC.22.5.%mol,,0.00925002654653576,2.6090097619278163
AC.22.6.%mol,,0.11779057935855645,1.5658013494187155
AC.24.0.%mol,,0.10742586644474295,1.6116806788274485
AC.24.1.%mol,,0.0019481981699191694,3.1083088229418774
AC.26.0.%mol,,0.0019005634028976108,3.1157062232775177
AC.26.1.%mol,,0.003719693753883653,2.9095631052926554
AC.14.1..OH%mol,,0.6395038435625662,0.4685711586086523
AC.16.0..OH%mol,,0.021527859939447766,-2.303118596882603
AC.18.1..OH%mol,,0.011800939817535798,-2.5238302695112065
AC.20.3..OH%mol,,0.11162597680381671,-1.5926845973852468
AC.22.5..OH%mol,,0.00015688727733499539,3.798041908032573
AC.24.1..OH%mol,,0.00026701172707929634,3.661708522174581
CA%mol,,0.3947526202071684,0.8514889201939453
DXCA%mol,,0.0003092612371453894,-3.623276228164447
DG.14.0_16.0.%mol,,0.9360773897184747,-0.08022623450871287
DG.14.0_18.2.%mol,,0.3549210964803309,-0.9256229447491678
DG.16.0_16.0.%mol,,0.23772814057816777,-1.1815683292042727
DG.16.0_18.1.%mol,,0.023992962840860537,-2.2615492368536656
DG.16.0_18.2.%mol,,0.1536455010883609,-1.4281272433403704
DG.16.0_20.4.%mol,,0.23097439168028355,-1.1987647779081765
DG.16.0_22.5.%mol,,0.12839987538514525,-1.5220173875337069
DG.16.0_22.6.%mol,,0.3219494286704624,0.9910733391673988
DG.16.1_18.1.%mol,,0.019563746830241042,-2.33932617114193
DG.18.0_18.1.%mol,,0.05654379997167005,-1.9095872166670151
DG.18.0_20.4.%mol,,0.026668630900852582,-2.2204361537343114
DG.18.1_18.1.%mol,,0.06194791897340257,-1.8692878951872793
DG.18.1_20.4.%mol,,0.486274244503508,-0.69657004733854
DG.18.1_20.5.%mol,,0.02410978252189581,2.2596730936682468
DG.18.1_22.6.%mol,,0.009811835475605532,2.588593622292042
DG.18.2_22.6.%mol,,0.003849305297319752,2.8987251882717944
TG.48.0...SIM.%mol,,0.7149218305111175,0.36538337637403323
TG.48.1...SIM.%mol,,0.278563609038064,-1.0842883884395642
TG.50.0...SIM.%mol,,0.515012046469411,-0.6513431590720773
TG.50.1...SIM.%mol,,0.45300428846785634,-0.7507825752746143
TG.51.1...SIM.%mol,,0.24690010662795642,-1.1587592442571764
TG.52.1...SIM.%mol,,0.10305387714600682,-1.6320908664203158
TG.52.2...SIM.%mol,,0.0038590768442665494,-2.8979216359939137
TG.54.7...SIM.%mol,,0.17820280801623611,1.347493599201719
TG.56.6...SIM.%mol,,0.03565876512083401,2.104356995916616
TG.56.7...SIM.%mol,,0.009738410466519815,2.5912016374466815
TG.56.8...SIM.%mol,,0.004698079137048735,2.8350025953193776
TG.56.9...SIM.%mol,,0.007132655123494105,2.6975307975947582
TG.58.10...SIM.%mol,,0.002234656503949329,3.0670457946819694
TG.58.8...SIM.%mol,,5.125246761276849e-05,4.071969971492607
TG.58.9...SIM.%mol,,0.0003987145310031128,3.5559709763455616
TG.48.0...NL.16.0.%mol,,0.5990229769621045,0.5260158502817976
TG.48.0...NL.18.0.%mol,,0.5182791875982482,0.6462864908606181
TG.48.1...NL.16.1.%mol,,0.4863927483330195,-0.6963806555797464
TG.48.1...NL.18.1.%mol,,0.41604879495815583,-0.8137177323934822
TG.49.1...NL.16.1.%mol,,0.5120541582997328,0.6559356017947917
TG.49.1...NL.17.1.%mol,,0.8020457353540662,-0.250783705007662
TG.50.0...NL.18.0.%mol,,0.6438096497346919,-0.4625543046885795
TG.50.1...NL.16.0.%mol,,0.6413337343463524,-0.4660120407082844
TG.50.1...NL.18.1.%mol,,0.6996020893601114,-0.38599622762326985
TG.50.2...NL.16.1.%mol,,0.03574498873418564,-2.1033718109729613
TG.50.2...NL.18.1.%mol,,0.029521137298390673,-2.180365304103985
TG.50.2...NL.18.2.%mol,,0.6741310016834658,-0.4206399264107257
TG.50.3...NL.18.3.%mol,,0.9246830805383252,-0.09456619681143318
TG.50.4...NL.20.4.%mol,,0.4980056309540706,0.6779402081878277
TG.51.0...NL.16.0.%mol,,0.6458913401196531,-0.4596514023539243
TG.52.1...NL.18.0.%mol,,0.09446421423482532,-1.6742913515759734
TG.52.1...NL.18.1.%mol,,0.059527587064999374,-1.8869597505963016
TG.52.5...NL.20.4.%mol,,0.8260276675785029,-0.2198710587827288
TG.52.5...NL.20.5.%mol,,0.15697490298622632,1.416648801585699
TG.54.1...NL.18.1.%mol,,0.1689658927124658,-1.3767785185798556
TG.54.5...NL.20.4.%mol,,0.5595313232471055,-0.5837823290911256
TG.54.6...NL.20.5.%mol,,0.06536898087739242,1.8452609984329693
TG.54.6...NL.22.6.%mol,,0.033190075359966736,2.133467103751998
TG.54.7...NL.20.5.%mol,,0.023762273034124808,2.2652775844311615
TG.54.7...NL.22.6.%mol,,0.05909557962886217,1.8901765784434454
TG.56.6...NL.20.4.%mol,,0.38147264908381673,-0.8756693500156556
TG.56.6...NL.22.5.%mol,,0.047460499122100576,1.9852252497036849
TG.56.7...NL.20.5.%mol,,0.007103233898893291,2.698919457830783
TG.56.7...NL.22.5.%mol,,0.018653253586105742,2.357201520824524
TG.56.7...NL.22.6.%mol,,0.0009036615384267095,3.3314248112128313
TG.56.8...NL.20.5.%mol,,0.009686135842548496,2.5930691244327297
TG.56.8...NL.22.6.%mol,,0.00204784759882473,3.0933571551808754
TG.56.9...NL.22.6.%mol,,0.00110046640082346,3.2754172683488756
TG.58.10...NL.22.6.%mol,,0.00013700993908314393,3.832107879887743
TG.58.8...NL.22.6.%mol,,6.348083426242722e-05,4.020826229332901
TG.58.9...NL.22.6.%mol,,0.00012053837202262056,3.8640781734172713
TG.O.50.1...NL.15.0.%mol,,0.00885375087457216,-2.6240881804917127
TG.O.50.1...NL.16.0.%mol,,0.5638943093646043,-0.5773073008008616
TG.O.50.1...NL.17.1.%mol,,0.6239853395039692,-0.49040001173222875
TG.O.50.1...NL.18.1.%mol,,0.830208534012405,-0.21450422820796405
TG.O.50.2...NL.18.1.%mol,,0.0007348940968037418,-3.3893466047007235
TG.O.50.2...NL.18.2.%mol,,0.9783018155044841,0.027206501201312207
TG.O.50.3...NL.18.2.%mol,,0.6396125383478438,-0.468419062347701
TG.O.52.0...NL.16.0.%mol,,0.16097106583585763,-1.403113228611391
TG.O.52.1...NL.16.0.%mol,,0.17468625789887113,-1.3585055507956085
TG.O.52.1...NL.18.1.%mol,,0.33774201574261753,-0.9592114861264067
TG.O.52.2...NL.16.0.%mol,,0.6359267206738877,0.4735826998893604
TG.O.52.2...NL.17.1.%mol,,0.8012225146833476,-0.25184893537757175
TG.O.52.2...NL.18.1.%mol,,0.943237933952664,-0.07122318015599416
TG.O.54.2...NL.17.1.%mol,,0.33451474570614537,-0.9656428347654016
TG.O.54.2...NL.18.1.%mol,,0.13813872886268913,-1.4842415629837373
TG.O.54.3...NL.17.1.%mol,,0.00016522514215576748,-3.784951549560231
TG.O.54.3...NL.18.1.%mol,,0.5153303701899445,-0.6508497469603527
TG.O.54.4...NL.17.1.%mol,,0.09457490560108427,-1.6737283377365584
UBIQUINONE%mol,,1.3814872807256928e-06,4.864570680628258
LPC.20.4....OH.%mol,,0.08814914532096677,-1.7073278285799083
LPC.22.6....OH.%mol,,0.5574583435521261,-0.5868673892541987
PC.34.2....OH.%mol,,0.26368755224149526,1.1185039755346307
