Lipids,rh_caudalanteriorcingulate_volume,rh_caudalmiddlefrontal_volume,rh_cuneus_volume,rh_entorhinal_volume,rh_fusiform_volume,rh_inferiorparietal_volume,rh_inferiortemporal_volume,rh_isthmuscingulate_volume,rh_lateraloccipital_volume,rh_lateralorbitofrontal_volume,rh_lingual_volume,rh_medialorbitofrontal_volume,rh_middletemporal_volume,rh_parahippocampal_volume,rh_paracentral_volume,rh_parsopercularis_volume,rh_parsorbitalis_volume,rh_parstriangularis_volume,rh_pericalcarine_volume,rh_postcentral_volume,rh_posteriorcingulate_volume,rh_precentral_volume,rh_precuneus_volume,rh_rostralanteriorcingulate_volume,rh_rostralmiddlefrontal_volume,rh_superiorfrontal_volume,rh_superiorparietal_volume,rh_superiortemporal_volume,rh_supramarginal_volume,rh_transversetemporal_volume,rh_insula_volume,rh_temporalpole_volume,lh_caudalanteriorcingulate_volume,lh_caudalmiddlefrontal_volume,lh_cuneus_volume,lh_entorhinal_volume,lh_fusiform_volume,lh_inferiorparietal_volume,lh_inferiortemporal_volume,lh_isthmuscingulate_volume,lh_lateraloccipital_volume,lh_lateralorbitofrontal_volume,lh_lingual_volume,lh_medialorbitofrontal_volume,lh_middletemporal_volume,lh_parahippocampal_volume,lh_paracentral_volume,lh_parsopercularis_volume,lh_parsorbitalis_volume,lh_parstriangularis_volume,lh_pericalcarine_volume,lh_postcentral_volume,lh_posteriorcingulate_volume,lh_precentral_volume,lh_precuneus_volume,lh_rostralanteriorcingulate_volume,lh_rostralmiddlefrontal_volume,lh_superiorfrontal_volume,lh_superiorparietal_volume,lh_superiortemporal_volume,lh_supramarginal_volume,lh_transversetemporal_volume,lh_insula_volume,lh_frontalpole_volume,Left-Cerebellum-White-Matter,Left-Cerebellum-Cortex,Left-Thalamus-Proper,Left-Caudate,Left-Putamen,Left-Pallidum,Brain-Stem,Left-Hippocampus,Left-Amygdala,Left-Accumbens-area,Left-VentralDC,Right-Cerebellum-White-Matter,Right-Cerebellum-Cortex,Right-Thalamus-Proper,Right-Caudate,Right-Putamen,Right-Pallidum,Right-Hippocampus,Right-Amygdala,Right-Accumbens-area,Right-VentralDC,WM-hypointensities,CC_Posterior,CC_Mid_Posterior,CC_Central,CC_Mid_Anterior,CC_Anterior
SPH,0.07115348795689212,0.05667600827408717,0.06235721595328782,-0.0001840122101021684,0.06199661082417506,0.052921073844619554,0.04672071876387934,0.0397228711464669,0.032357006270419875,-0.05433246262412739,-0.00859367944093789,-0.009420102269222595,0.019361775991775312,-0.011860534531498356,0.04199327217360881,-0.027952241276747065,-0.11439973162782441,-0.08339677820895712,0.06213838228090369,0.059807008491308454,0.05544061760292667,-0.00968973405704023,0.03514292885672445,0.00025771918903397077,0.021086681812491403,-0.018617586621035048,0.04684367658543549,-0.014543716914867047,-0.004752622884428038,-0.06081519746697444,-0.0013875710626645868,-0.01929442115537253,0.07477105222115599,-0.03297571604051759,0.07458818846715609,0.06556504185185164,-0.0031720762725162372,-0.0001219256111215268,-0.033364622317959114,0.021479093467517616,0.033360446521179865,-0.05963777130219561,0.023361143722430346,-0.002552778389498772,-0.02148219707342104,0.016445531439028667,-0.014245047214556009,-0.01846978586205088,-0.04700770608155912,-0.11859420540191536,0.06406274990676475,0.021514529839523684,0.07712217633189983,0.018270181539588915,0.042965231076870926,0.015012430600414975,-0.042464396117162795,-0.021777833694071116,0.03029494545952991,-0.04401996062841589,-0.022726607886839008,-0.07926724761286015,-0.011559308313902224,,-0.04762111054109883,-0.05655049514933921,-0.04283019559276106,-0.08424138019330701,-0.07740043779104856,-0.07279175250685865,-0.08677982243038762,-0.02710184863014052,-0.01822308194806893,-0.001912810343147392,-0.035244120151157084,-0.06201828789599225,-0.042221931016454516,-0.02039736116312931,-0.07057420279170125,-0.07227103058892843,-0.057571765049047145,-0.042315577563381515,-0.02899143400213874,-0.002464015311006822,-0.03093321492992875,-0.03948483074618263,-0.026365260027926968,-0.059245006219257004,-0.07542473284201605,-0.059646324092486484,-0.019070794108677614
S1P,0.042681121697404935,0.08836651996921926,0.10055438698180642,0.06816313708160214,0.02834612832246322,0.07231992699704345,0.10913369994515393,0.08178769314359688,0.054815314597479216,0.04219035350127809,0.036419229161091415,0.03228720947055119,0.1325021154048745,0.009589615597596267,0.0326880383646875,0.022294459627588574,0.02995727209119599,-0.03171286007689868,0.03619174966130098,0.09237843458026535,0.02034279200691696,0.02027743735499497,-0.00406636334643515,0.10242564980335736,0.016681042310363728,0.0909648176809997,0.029194483998513654,0.05967875002200212,-0.0025271521155909487,0.057338160288349094,0.12332567603898668,-0.020393331705933795,0.15777422449897402,0.013852261822530423,0.09390827804835632,0.08288985255117931,-0.026169915816019004,0.022819794671690662,0.0659164040270927,0.011624370236226039,0.09944044897220439,0.02954923339689777,0.005129631420934538,0.06973770041264021,0.03993004301226852,0.03716771076930093,-0.005467159347604213,0.12085248988926524,0.02298074020871433,-0.0008226327439829046,0.06692443438682892,0.10002878714615643,0.046468829719695806,0.023232759022538383,-0.020551783743433808,0.08758073594928636,0.002723182912800291,0.029135722734757008,0.03231651115598841,0.018846409165875603,-0.04742791669116729,-0.0444082251047834,0.061122418996794076,,0.04716045522140975,0.12132400539635209,0.11051235016214925,0.015264112116527458,0.027920305132307845,-0.02586105633707785,-0.021069468412367457,0.06656576412891432,0.083725564914303,0.07234729932811838,0.09472100889096192,0.058174443349818854,0.11215292911523227,0.0908933064944371,0.0693080023724888,0.03755643250022015,0.0631882588101457,0.13875531720512593,0.1318165166949602,0.11711715569144371,0.09639838184547257,0.03780092174895915,0.0057476113431197545,-0.046926767392903496,-0.030174898380289684,0.014829235927680191,0.07771258612303361
DHCER,0.05695768403860451,0.07830068367259356,0.1258536031238153,0.030883739884993176,0.041624433021534596,0.0011254366769478676,0.015346788191446744,0.05575688784555046,0.00849936285805613,0.08743425185017244,0.0865238113055685,0.07374177933014324,0.03770304342904162,0.05924562918214956,0.09809415232327032,0.0482810593699491,0.005251682407161123,0.06651123954549658,0.14595408494426204,0.08206914300825692,0.11155835175340788,0.09657090515794388,0.1594450526077884,0.035677160688787006,0.17922539225957893,0.11602178285560519,0.113303811408034,0.041679887063523595,0.11541794040891538,0.09803553136227865,0.05355287511563665,0.13618039346034927,-0.00393807524046395,0.06787086040645637,0.04961487206595769,-0.007174214395917202,0.0684964451547358,-0.009664517972149927,0.07503659780025784,0.02787158653358215,0.012688683342139375,0.10915089673477438,0.047110754914388285,0.10876100385616662,0.12715879149979845,0.03045384820897874,0.06801112132855755,0.10846293713419058,0.029178953559149644,0.10737645086835948,0.06783630061421934,0.06384647534845898,0.12346210822986729,0.11618567258719638,0.11914918029587122,0.02106748293959849,0.09284346881673507,0.11832656017725755,0.08467303029821606,0.0801152202628666,0.19695753260737042,0.13478000766410958,0.11378391987080094,,0.10225953908225018,0.023861485891938875,0.011274278089484634,-0.08561185394096363,-0.032611589308912045,0.025374273727547386,0.04308840454258758,0.09554205725638945,0.03748490934974609,0.03302312713563582,0.060716033005099486,0.06398203372023774,0.044156082923279306,0.05975566236189683,-0.05686792727722522,-0.05802237740049743,0.005625490986137011,0.07876748061099895,0.05588832560040211,0.04477166650164751,0.05262814357099129,-0.07690261647620315,0.04219726909672928,0.017292358222207302,0.06857238426118768,-0.002499279836445309,0.034400744923300176
CER,-0.014382810455492097,0.10923457631135639,0.04582257599577977,-0.04202992770005219,-0.02474087458169007,0.008988936924791753,-0.0914287780416455,0.04981228670598483,0.005621768150511271,0.10551087789340388,0.10269748292534966,0.10953894686150503,-0.056032151489133944,-0.018636914143404102,0.10364671998792335,0.016176652685219377,-0.0033331899999798974,0.0688443066220867,0.11651761509762527,0.10442900758841142,-0.009069105115980827,0.07189786871394833,0.10676993693875485,0.058654703129308955,0.13531545656272537,0.11070872117417661,0.05449101374407782,-0.05793569668510812,0.03295383591776253,0.08246775783208578,0.0995811857208653,0.08166690498002836,0.07742219518442672,0.09666614118282592,-0.009333848276801065,-0.08503679382576272,0.037987965802602976,-0.02982549805228153,0.0011343482095713796,0.06529850071367602,-0.0007452578608602801,0.11403570787268431,0.015734222410268162,0.06753467915240509,-0.006474648401607442,-0.040235388507070376,0.02288971921676198,0.1635252657899881,0.049085404047135885,0.18982519223080316,0.07386893058465058,0.00046916190988956,0.05173312302912965,0.07109134964466364,0.06473689944315937,0.05590048154403905,0.1305180424250763,0.05336204795982096,0.10637236825210317,-0.04325693208406914,0.12570989859136505,0.08558472492746712,0.1644540789444345,,0.08522907971024166,0.06814528306178297,-0.00800492351590114,0.03013821040392199,-0.008752705684782069,0.014855668673112075,-0.0068224851073762915,-0.0026884589411674577,0.02246901921038906,0.06264540230913135,0.025787741096133635,0.04559802402433813,0.0795492318577911,0.0014040133796131226,0.03373574889721464,-0.021196313161393737,0.027498128230216832,0.0036621008701214633,0.03666182312169201,0.029241469484319677,0.0256041520721001,0.008505728697710411,-0.023241672802670504,0.0019832976137418917,-0.042022283004243044,-0.02638953368559513,0.01151539767401377
CER1P,-0.10269721189857128,0.011582595597045678,0.016659184399808548,0.08318531076682494,-0.013803284442072909,-0.00790047118679147,-0.07302101125025616,-0.046760567409840366,-0.01992031342406475,0.018410150550614644,-0.021085915902855107,-0.017412917574173903,-0.08702771690964652,0.09580313432298591,0.025079712063194686,0.07519270729418127,0.019334252733680064,0.0006965058143913951,0.05310772097324284,0.028196378868319997,-0.022178821447000552,0.08530021140797409,-0.087335529837041,-0.04088212120144816,-0.015813463006875847,0.008583363770757822,-0.07599182058764645,-0.07938553487245914,-0.028958526750483,-0.00514860640260749,-0.007172656521551895,-0.08172978836392891,-0.0018631852933769615,-0.037356987503807206,0.00558172963880928,0.03156855324904144,-0.00669073090726248,0.036683692923603115,-0.07339096318597949,-0.03314862495478106,0.04479861645538409,0.015063730912122474,-0.032221814656008964,0.06966847696896708,0.0021736926098099305,0.00035942987692810183,-0.024039940858338712,0.09119702999846957,0.03245425562178256,0.034940842496998144,0.011363212592090374,-0.024195295758517237,0.010328927602576622,0.043904737343000794,-0.036270488775853406,-0.06497699805002674,0.03288844103378224,-0.018258373809161368,-0.027831997120910536,-0.06619274405425832,-0.01842890192379598,0.047754919535774557,-0.04293529453968095,,0.05014450297376256,0.027577663833852368,-0.021609025696030043,-0.03718010050663406,0.02587389622768096,0.04757272092919703,0.150842957222244,-0.03826925962309701,-0.030000768944122944,-0.016524714055632023,0.10640651119210381,0.13404854813589864,0.043094186260015044,-0.026675249025416254,-0.0417380849833239,0.030565520614683556,0.01542751077656005,0.008262274855329486,0.03336956566262031,-0.004268140655736411,0.14228033732555476,0.009726879428919005,0.09959445744928025,0.0428546239015888,0.004208143020855176,-0.044194655435556084,0.01134745961319737
HEXCER,0.038522117526275705,0.1291672222488436,0.19965409980336207,0.052995487899143254,0.07890598755184505,0.032535509057203864,0.04521131916751972,0.1540355133017438,0.1214866834900021,0.1127716479125301,0.24126261645997313,0.15364083885334306,0.02530002045044056,0.07991769537618326,0.11471899974221055,0.11817565046808715,0.04258651217231193,0.16657663235459075,0.18029210045314575,0.08568821964148987,0.09605802477362982,0.14416014633451893,0.12352327233343693,0.11414639592514138,0.11988652511302655,0.1016075298889824,0.1090062597291814,0.08120299705203268,0.12080348799190616,0.12670480980207102,0.12354531798232046,-0.015351270257134854,0.07835308471516976,0.06971904950620547,0.08516303091303598,-0.023954973385464734,0.08525197865173648,0.014804611500490783,0.04684853139679875,0.17456680435563512,0.11901987841281594,0.13894595729442039,0.19098022137773757,0.15684236789517655,0.051810618409067706,0.01732711598465934,0.0014061281057961216,0.182054547774598,0.09866848914673428,0.12535466610730636,0.2258071907332043,0.08856174559077679,0.07158428920458418,0.17606774037988085,0.0819293737618069,0.03147878924154483,0.1696372805923489,0.07187078425349719,0.0919403214383578,0.04973149235505148,0.05167516637270788,0.15756745685893941,0.11202862375539151,,0.11746737226882893,0.17188206382796525,0.00023302801836060474,-0.02517354371866836,0.06024673289282834,0.10929542373661583,0.05199253723998714,0.17454445394475454,0.09380012488939836,0.0354878971146077,0.1224152612135839,0.17710007223141153,0.18695418331721403,0.01902106997320831,-0.03484825060683473,0.05005039507187427,0.045054443229607465,0.1637186308619909,0.11181359698080812,0.05427154433194502,0.13101689548720333,-0.05172652539152354,-0.006176614885734129,0.03570310120387067,0.02566350460632989,0.006538934403073755,-0.029161127681271395
HEX2CER,-0.04637775850538776,0.07934223216889448,0.14744225553551746,-0.04080616425490474,-0.03739198186323125,-0.06706174758293194,-0.061470266293653625,0.03556007134888105,0.056513057741062654,0.05911461663610033,0.055815368530552516,0.0640160924054801,-0.07879473560357271,-0.03982880275165686,0.09374817051703639,0.035977934728463605,-0.00550339835816294,0.0526642288615672,0.1274068742259116,0.06882540238479135,0.0005551604244836805,0.03712382975927471,0.002974925563134602,0.07883439041116105,0.07299148839564543,0.0813243509087857,0.009876115567195915,-0.034953313205467844,-0.0004074478844886883,0.08764698880733005,0.09121660778987475,-0.031041190977369817,0.0873008773408831,0.00041975817014534714,0.0424014429123846,-0.05182331637927512,0.05420102717352786,0.011126640206795518,-0.01610437209097203,0.10160565285959115,0.07454541166366693,0.10194214283173701,0.08807515424520268,0.14684954859789454,0.0017123557538479555,-0.017893124867776108,-0.046263301246140705,0.1333873725420588,0.07769522967500303,0.013684362446428863,0.12016243189377773,0.019121595520944067,0.08403797089954185,0.07912309863909159,-0.0015168187727526861,0.018847096475023372,0.11220313338410537,0.039811622246338184,0.05944328458870721,-0.03998967528476461,-0.014890540592619258,0.08403304078811641,0.08613024627011058,,0.14329662454712913,0.18643026570449944,0.011734891092262476,0.04931856685575907,0.07685794476538454,0.11836943245082657,0.1192720786264633,0.032472612102442955,0.015220895774430252,0.061413219769366936,0.16265362142245327,0.18141521591251042,0.2008058116082281,0.01651114208964623,0.01219145424204168,0.006805201530414165,0.07404747196481416,0.012387811526455125,-0.0019273066525624053,0.04508285636721629,0.1778216114984495,-0.03847323833239234,-0.0014925886874513272,-0.06020267925014679,-0.048684602152360035,-0.009336474940840429,0.02377453335662309
HEX3CER,-0.17390252506936146,0.020336836433791323,-0.05510988130644046,0.034253331311963224,-0.09509167133524057,0.020240166956204845,-0.09834921688826749,-0.08738889905023414,-0.0655038467969702,-0.06467416468790092,-0.05376894129674648,-0.12154261720558472,-0.07955155556008443,-0.027173218578016942,-0.0074987396629955134,0.037945082623407775,-0.09798628173175818,0.0062866160283131635,-0.030605482161110125,-0.001293774095791054,-0.06775650055982178,-0.004255859248516835,-0.07782045364384958,-0.16026333484998428,-0.06761444871481384,-0.00579190632122442,0.0010278580531556192,-0.07518610025534575,0.021066995109465896,-0.024750812173742257,-0.030529054359551278,-0.009483855066580251,-0.0892640141025999,-0.05071922642786134,-0.1290139964125249,-0.06305677312734388,-0.03525039493765774,0.04629969393672365,-0.034175661847243466,-0.003669367509682225,0.011529673478458848,-0.02784240236728812,-0.05654708380695539,0.004999139855908554,-0.0055784081427600555,-0.08087804005192487,-0.12400601101138894,0.07754629307402701,-0.004504530210491735,0.008248466838230063,-0.057846430562097435,-0.0531281698000944,-0.011776465293423482,-0.024909059588077025,-0.04340150849747277,-0.09451228567744065,-0.06416570320143149,-0.05547644849044912,-0.0008227978168597007,-0.09598500319801428,-0.056997464903297844,-0.007444278736816525,-0.07268789514133697,,0.03296043842118587,0.005119889413856932,-0.05821515641501217,0.014632832574840549,-0.03613268777644604,0.03909587699990948,0.10433810205047019,-0.058718312733424066,-0.0565135045663243,-0.06369523580805556,0.028234424157648794,0.10030422926007825,0.013194922175350817,-0.07416490557720473,-0.016125214603083436,-0.02675206780044968,0.0367319646631425,-0.05658178845399377,-0.004437137306290108,-0.05176341055397434,0.039768352887428374,0.0071557689684178215,-0.03501776497945687,0.051359688065505275,-0.014472722908595019,0.0011364320623844654,-0.029452347266815036
GM3,-0.014582309105293465,0.038066072539329705,-0.060852934508589716,0.03223283312581232,-0.06571862430697994,-0.0335327348118087,-0.0788947472466336,-0.08065155544110383,-0.05634166502909593,0.015261335950218304,-0.020058809776512403,0.007355891888440398,-0.08976178340506454,0.023197761713907087,-0.004320430200040527,-0.028682057074620133,-0.036799522808260016,-0.01621757308211754,-0.07278610266328772,-0.028702551913306135,-0.050800449892089476,0.0170492210215423,-0.09194362099213987,-0.016967617742023773,0.018143803913972474,0.029402353930424154,-0.06531354470305176,-0.04180082445970174,-0.07720516957855823,0.0768110248594317,0.013446851387868827,0.06176734445448443,-0.004320940342357159,-0.011216836241516885,-0.0678561431749315,0.02239932489294967,-0.016618278267968935,0.03447146312792942,-0.03374001529062796,0.02590352304919695,0.047224162115565495,0.016070489296939928,-0.04603417672339098,-0.0035843087768142054,-0.012541281063848097,-0.02411171495560219,-0.09114568472365794,0.038396374146519655,-0.0695975954803217,0.059973812827161306,-0.07807653378866232,-0.11481167212060478,0.01970899117346517,-0.018526856658351583,-0.07262933146298169,0.013738402762972252,0.057637286029379765,-0.00550498249379467,-0.036728112299278866,-0.025413451481580158,-0.08442737815962527,0.019412518737842662,-0.009535513081071395,,0.07082221018647178,0.054783052347382406,0.061005919457466085,0.08849454051126748,0.05029804040104063,0.07358539807832706,0.16078307131888953,0.03716063759444352,0.017695717316540616,0.009296930230036629,0.0658206163977896,0.13087210671087002,0.06907817815802592,0.04481757669085148,0.07396700262303232,0.039735473253778804,0.03834876627957169,0.02900878605622137,0.05482942813841126,-0.0601234614830074,0.07945520959718981,0.04638868958600371,-0.02720309096477166,0.04593569056319454,0.004931381802672534,0.009213201735966467,0.004784014986330604
GM1,-0.08973421507210272,0.05203284039823147,0.13667052745960118,0.04633872398415534,0.049258203913429506,0.009172201608301287,0.025457298065845995,0.041893150265639625,0.08529648203412082,0.04929634430124936,0.09261670487892795,0.05701043190263114,0.017831929665135037,0.05684005628080112,0.101911741199568,0.047743458017779856,0.010863512775711976,0.09691555563678286,0.1222770163887369,0.06149431528862592,-0.03696697586485355,0.004215023334331805,0.001975251795633581,0.010539984315057357,0.06324638965509086,0.10284348558138331,-0.009055907842026558,0.010252373300180162,0.017405380798557284,0.030458287043554223,0.08137002752126077,-0.014589646299471725,0.06511076736899041,-0.0015852284570853502,0.06751979231852212,0.010266972263893384,0.07473238464906884,0.05289379569779721,0.051291722487744676,0.063614125453339,0.09620545920863635,0.06757587746096994,0.12250599331642763,0.10349203567958988,0.10097788232020818,0.029280050469219877,-0.027359066609877483,0.07347432056188258,-0.0009947599452126371,0.03899298351407687,0.12736639765452296,0.027732889070748563,-0.04428933785263471,0.04067117338466084,-0.008196022245138991,0.033509775364624635,0.11409698862008623,0.07343858302785422,0.018649344070382694,0.009587497421251222,-0.014076098289478782,0.0318159811111456,0.09468570825429662,,0.06430300478896284,0.12627204037410295,0.054622410913237926,0.0845494375963282,0.13821814174614247,0.07647290690294452,0.0944037995899406,0.06679109556324714,0.04979782967934191,0.07362056244147375,0.10239877068766712,0.10903197945324544,0.14814259234138155,0.025306720757709112,0.08651187023714349,0.06793963153018691,0.05865566947446549,0.09287581124223321,0.045050809162069744,0.03484103577451627,0.14488189730863793,0.060751598339994446,0.009615067117840022,0.054803969927676964,-0.009777250071723047,0.00712967759859206,0.050497019230833357
SULFATIDE,-0.0274724815481266,-0.11352340132424321,-0.1639871380584069,0.03609258457891351,-0.0673389275420367,-0.08518490629406573,-0.06012510808952326,-0.11395272326717545,-0.19767046687696033,-0.0034069853246090015,-0.15564667872881238,-0.04635612051118862,-0.097834981210693,0.07781414250108006,-0.12561994146932923,-0.0856798674194019,-0.10481091783708231,-0.0899982633994321,-0.13123165221856734,-0.04681214288215223,0.02124015047702408,-0.04612778008269571,-0.16307896012566428,-0.05231426520342773,-0.10507565129408222,-0.0653419231894275,-0.09512558426624473,-0.06396580711039145,-0.04580086193479953,0.007625283002827296,0.08540627307034107,-0.09098285735010381,-0.04402474805387012,-0.10344856304898677,-0.1510789640903061,-0.025649478569360274,-0.11260511413439343,-0.16274657409066506,-0.11250807852589788,-0.08949896709219951,-0.15320805052251713,-0.04020549731570116,-0.18061419734449363,-0.01696989942841394,-0.10240027177188578,0.012966562722206375,-0.2059118348742774,-0.04036749069688915,-0.07863708465051925,0.0022756445014391886,-0.1347806181298765,-0.09140295148439573,0.011079914076837411,-0.12102533355887597,-0.2515270095656591,-0.08501809710422467,-0.09572689183903338,-0.1248995355891843,-0.12838177703629688,-0.1194701200051844,-0.12373369964860245,-0.030975495448904874,0.020029368638881762,,0.016697686913975992,0.013870025688161826,0.03286788083029505,-0.03677498487595663,-0.002064831627016323,0.05141745302933077,0.07122507237126441,0.036121232441240256,-0.03420287185837896,-0.02689380661448765,-0.005561445306301241,0.03093704220291801,0.02746174906372122,0.0302991182843602,-0.04609849646739854,0.05168595837744243,0.10897867704918685,0.090972580713041,0.052077309467509186,-0.04975645551510421,0.017293118875808165,0.08338220665468771,0.10366876515964045,0.06838875689288462,0.06703760266446236,0.0012917498256488562,0.05122940603782296
SM,-0.13892648428880033,-0.05884965589554735,-0.07351128962886747,-0.017487689367538306,-0.20414741895803515,-0.16158195895278066,-0.2437885165653146,-0.14343647450853608,-0.17880505294664273,-0.12084633856885653,-0.10456087774411503,-0.14191248667548773,-0.2244356404724987,-0.02516944653087828,-0.1287740117101344,-0.05383911062454925,-0.1097660394389165,-0.1058970913931191,-0.09101653459834584,-0.14346424212656883,-0.06621454919220252,-0.06101537376747758,-0.20380646307674058,-0.1091428978740771,-0.12502979801090502,-0.15222046112587828,-0.1500064515747123,-0.13582742719917962,-0.12057277569836013,-0.011409479464722053,-0.10600658433210268,0.024545613416034423,-0.12715393199549574,-0.14148781200804011,-0.13015840745437374,-0.08579859230664412,-0.13281592733063505,-0.14140118736403184,-0.13089514245638156,-0.07572909209488972,-0.10324794313521322,-0.07751922959872237,-0.1031165628331747,-0.04137242931984571,-0.11799493108650962,-0.06717255319178804,-0.22445610934354085,0.065555166957384,-0.04011075101091794,-0.010804045969017764,-0.1084462882324542,-0.14357992836331263,-0.056691636571579676,-0.08262290753433472,-0.1595630819230489,-0.17032228236473917,-0.119155280957809,-0.18055220394434626,-0.13254589883005247,-0.12727615258664784,-0.13658105689644756,-0.011615200170609335,-0.12656113204780645,,0.04484587070427604,-0.026018964364775132,-0.0962252477812922,-0.12491869442575367,-0.11592178007606997,-0.054328625443235634,-0.006480949514341751,-0.04533113209515212,-0.08502571715163287,-0.025703822963615657,-0.04113934324785317,0.08680725421618492,-0.0058970770468641425,-0.12962725663298608,-0.14988304759490081,-0.16157542415262222,-0.06463637611645838,-0.09873304198744544,-0.058798044888209465,-0.1118020483927786,-0.02536428939719377,-0.03128660859785492,-0.029625612386556085,-0.027431433078209472,-0.012600204098472585,-0.039539702381274126,-0.09642552289273128
PA,0.037544717405877406,0.0023334909145867897,0.01580083978738379,0.12015038612260232,0.07966242114113267,0.08273539880640308,0.10093347938823093,-0.013557272014011664,0.039738573320746776,0.036682062111698,-0.010138614245099396,0.021444519699720874,0.045804884899978686,0.03374174586768811,0.03339982815090473,0.03204321965377535,0.01361858712767732,-0.012287102077623489,-0.0033866642927795534,0.07442378974644852,0.07002323201026375,0.06696456393447263,-0.02688918272324313,-0.01933082857516028,0.02644297790424175,0.021794216642008892,-0.0191594907561339,0.024100642834347565,0.026254770304144498,-0.029957440960137503,0.09555067301193101,-0.03535184185761727,0.05285332236248623,-0.031568585808627106,0.07371790017764498,0.112221111497724,-0.0360529843636376,0.003836466690595602,-0.05888571541539912,-0.049641002146118295,0.04590928165426262,-0.02377369916416049,-0.04049928475478938,0.041672762807039576,-0.05382774225069292,0.07903978470711971,0.010920810597363186,0.003091293541143701,-0.004029806050352686,-0.08274600985984965,0.04099880665527324,0.04107914297496416,0.034030780675469934,0.046210303389216056,-0.08292726444213239,-0.002562336227564915,0.02937736974075265,-0.012628639156034543,-0.029459291231509612,-0.03697178410613025,0.019245441412750957,-0.02626008047667859,-0.007278476953921025,,0.0538361911203725,0.04985022810247451,0.02866560428393797,-0.00946771198348873,-0.006024226393587838,-0.010989130424002687,0.023770479892631986,0.02324899553789241,0.034950710621036184,0.023758987910812334,0.01835312767353074,0.07150059221563841,0.05353820037319714,0.06712336683338585,0.001845131914217372,0.05452163490682037,0.0371511324710264,0.04727798467720329,0.08041653944221397,0.05220331711433384,0.06477812439147841,0.004081137701241618,0.08019799841106671,0.03738848778873063,0.07692235998459702,0.041885442655316525,0.08022508907943902
PC,0.041670178300873335,-0.10013380316667583,-0.16105120478003176,0.07849635850400724,-0.07702423324548013,-0.009815490471722348,-0.02302092725650346,-0.09289383371662445,-0.13372768126692447,-0.052805353049156005,-0.09914132973019264,-0.06324873256618462,-0.03229312035491811,0.04088564277875243,-0.06511832459046343,-0.042299512788869065,-0.02200395210292095,-0.014849979776440538,-0.12798156911007877,-0.12584932495664164,0.04657925530426446,0.019684187359398465,-0.11981549477947115,-0.020298231205652065,-0.057896921573489135,-0.040447028019294236,-0.1435826568550366,-0.04053613913047463,-0.08772124983592268,-0.044675507653180055,0.019259286579052,-0.060197072044739876,0.036957432707799026,-0.11927963975482747,-0.08543043470449034,0.022965757793218508,-0.09033424737118598,-0.13316813147844,-0.12006623866611582,-0.10699201561749018,-0.05899690966211382,-0.09614568765845058,-0.16385748489711804,-0.09622314145421805,-0.12091006705606695,0.003946440795095866,-0.14485914517573176,0.0063698537661830016,0.03894794021448868,-0.049527168272794866,-0.0788552778385735,-0.1008886286117189,-0.02662690928651337,-0.026276574870939123,-0.18980934583863202,-0.07131861344310061,-0.05952543195557242,-0.07361084363770075,-0.11256700358727953,-0.1120517435294381,-0.09765392318269453,-0.1054350596602044,-0.1038642014320796,,0.01872885287632862,-0.056165341168447305,0.023452882240916708,-0.019026548094463757,-0.021533978685866515,-0.04230514099532972,0.035686246840834046,-0.03794629903654221,-0.014563186979232293,-0.05690453565128711,-0.023155027234272367,0.03541044356632726,-0.08239008945840624,0.0550817800827759,0.024367191924062257,0.03951893633417126,0.012037691559339059,-0.0029840361462402038,0.05243138191158558,-0.07379934660933225,-0.0036819017408212832,0.08674938974648516,0.034766952065351735,-0.008246629851352215,0.011472897295717047,-0.030168600815031053,-0.04931342404797393
LPC,0.11451561928853438,-0.010701681957094575,-0.03217827947559064,0.14046721001251475,0.07668980267644734,0.004731529178724498,0.048694138185182,0.00047137541008485584,0.0025998322706671335,0.045847483698107205,-0.0369895604050056,0.04115711355274043,0.02189323993156641,0.0927706669749352,0.04719708943006691,-0.0711363096908424,0.01145819755233374,0.046355613393646175,-0.05192842647606772,0.0026246758266035616,0.041489723993218076,0.027079716972335403,0.013052848329970172,0.08868477389191759,0.04869787723714102,0.024294342839417428,-0.015206471928930865,0.022939602696931575,-0.030557163120082005,-0.006657201992500868,0.08824073893571312,-0.019649637946161376,0.1557264855016605,-0.04193398030826058,0.007573392321345941,0.18332032678870197,0.02633911714901051,-0.0920788385086161,-0.005840398962336976,-0.01666464348361189,0.027295618809826772,-0.008442958511988364,-0.05580932769999542,0.006029341078901832,-0.05265317433323801,0.04011241751046816,-0.01601482547276709,-0.03945434561532836,-0.02083395529174519,-0.02833971754478689,-0.006665524213131242,-0.028372168551087106,0.026797176146732646,0.024039928420466906,-0.04696894771575193,0.08792520901407785,-0.0006421138756131086,0.0026941908995721134,-0.025663057538325793,-0.054645711264842696,-0.06758532503938425,-0.046902424646270216,0.017425555139069196,,-0.002315202025148143,0.014481586021267952,0.10615395654136787,-0.006139273959905697,0.011886979749763374,-0.02563087937648786,0.0533502171538421,-0.00984742751155376,0.13145976639740434,0.07087004256469649,0.034865991799505475,-0.028331246357568084,0.009258814719549653,0.14840676841766046,0.01028254852550865,0.03457357328478363,0.004569301329876366,0.022792164031304418,0.11437059960510304,0.04869104306641086,0.0630899809978694,0.08709092212132429,-0.012550236843378729,-0.026082097708208116,-0.028089039228755414,-0.022785121075194578,-0.03479945640216386
PE,-0.052140865199119715,-0.10755609973146141,-0.15382346284337348,-0.08568462062159105,-0.1405681649462007,-0.06080910904746341,-0.0651407046667788,-0.11390632097129409,-0.23582588578707234,-0.1668400993062319,-0.21995594747705288,-0.1267038357112215,-0.07549990718812037,-0.0569687052999766,-0.17743328800758948,-0.1016507411917999,-0.14766119493624116,-0.23315498946658417,-0.1392492295038469,-0.148527160471094,0.0002701871269184878,-0.11927978744678716,-0.16123011940883872,-0.2002840575126132,-0.15899698133622706,-0.13522361058752963,-0.148852258874596,-0.10337511971482354,-0.12578300598587347,-0.09189894000907328,-0.026753020023199126,0.08882391008218925,-0.07825496406012952,-0.1126409687958327,-0.08285565813021584,-0.1439963508600055,-0.17107542640909162,-0.12783711971962555,-0.20474232530373512,-0.1927046239168747,-0.20358352837863106,-0.1947897105547801,-0.21084121996079677,-0.16981103825751345,-0.11233131674769752,-0.03232913082235296,-0.19974588482107933,-0.11391712752887839,-0.14305039449672385,-0.13173977200073667,-0.07524223070863022,-0.13074615192619948,0.005730676234337385,-0.14358656886492976,-0.23358283270530697,-0.143885535803084,-0.1787095959461061,-0.180369371589473,-0.14684825263141207,-0.09884816653263066,-0.09312668749896405,-0.13192084778171384,-0.08277429226054617,,-0.10002851777248953,-0.21726437158703943,-0.15667500724107697,-0.12809841953269333,-0.12513980555582163,-0.17300974217278256,-0.23049168199727782,-0.1186714921058092,-0.1796783440304381,-0.11114958715195451,-0.19993811638873052,-0.0936454710220089,-0.21402793543491508,-0.15198743647858656,-0.13569636401138002,-0.09984861829722032,-0.12435044464021433,-0.07070272626239749,-0.1401709894312983,-0.15049249838022752,-0.1947651138621982,0.029504939983060693,-0.021681879236704248,-0.0958258868442531,-0.04000334521595721,-0.06618292926909707,-0.10791326010904444
LPE,0.06700999849115644,-0.043656771348185575,-0.08050828531002334,0.07367059964612963,-0.014385590226236195,0.008717475194638937,-0.0031700118064668815,-0.012402898839620164,-0.036306088470892915,-0.03519183577820412,-0.08549195986582875,-0.06106605116268823,-0.024285141275431188,-0.023106554385761164,-0.028077807466211507,-0.06505684211261752,-0.09114303882529304,0.04155862053238374,-0.07321818292740344,-0.07133629118774401,0.041086338292210936,-0.02735174412351387,0.00045164443216432,-0.05044706201950715,-0.0064333425214370184,-0.005345352767552046,-0.05997324632213806,-0.04178641486482873,-0.009636878555964555,-0.016352555314590938,0.0686832368753008,0.01133330870633672,0.0820736940707594,-0.06510041667510104,-0.05085264872291061,0.049230152104258545,-0.041814690000570635,-0.1053147340966149,-0.09828519357255985,0.007379741701023397,-0.06176449301172581,-0.10355839766425869,-0.09984975337894333,-0.08664669595886877,-0.125702728049153,-0.045124959624014374,-0.09163474021409584,-0.05944568173573721,-0.06858820946120454,0.0026750425532384554,-0.02148179439624234,-0.07283989453672152,0.05566855055135314,-0.017355758899747168,-0.06747417183269643,-0.0007766281768328141,-0.028623840970754207,-0.05394527593126094,-0.013715408830850314,-0.0879266257699842,0.004992951090036664,-0.04939745584189505,0.006525757477335901,,-0.02173037116119469,-0.06847935013874511,-0.03192539327279067,-0.009768759195685027,-0.00984221515015807,-0.04509377007217362,-0.050237304085376855,-0.06689817163821515,0.06314506640338623,-0.05703088179786649,-0.05448619955441942,-0.04305951775923607,-0.07090254145874379,0.022683463323387495,0.02581263975398037,0.046262565373589276,-0.018380713691109486,-0.044387626780104904,0.05975936964457831,-0.05072862187414025,-0.03803152300209684,0.10524734550372176,0.03941764307495991,0.004202994040038919,-0.02374677686476507,-0.0732955989247704,-0.08695748264179622
PI,-0.07293565758186678,-0.1797012083731123,-0.06010742774951164,0.08438230120336855,-0.047227809323160896,-0.060392702749229914,-0.08534528983275375,-0.07786592142244145,-0.1728287712897028,-0.03216720229024581,-0.09207480366213884,-0.03492838227198216,-0.08953298918481142,0.017483904497121557,0.010589146885896999,-0.09469382702111903,-0.05401170556531695,-0.07378328842847763,-0.04024598785654609,-0.0582651687268876,0.04228663754408551,-0.034123001947234104,-0.04213779666886885,-0.07882575208753463,-0.053616448287757634,-0.05580700067853405,-0.05806724638126392,-0.08871896693203332,-0.008661840630357168,-0.019608688262608972,-0.03449402163400519,0.15666192657350478,-0.07879934966855391,-0.09174444824239555,-0.055225556233427626,0.003891216851877432,-0.13557761447930872,-0.12211721151244687,-0.08523332330485651,-0.052928090447357905,-0.1549687697446358,-0.09272732904535701,-0.11514663432906448,-0.011160383506835805,-0.10233625037931676,-0.033289414324814026,-0.09848993673591426,-0.09212807431650921,-0.06233858528905475,-0.056842072120518596,-0.05417645579808531,-0.06433358287652102,0.03852766002259089,-0.08321739810419589,-0.05538613690799314,-0.10199025707972194,-0.0700794152676271,-0.10128778057838259,-0.08106365474316563,-0.10701480930982672,-0.04933116372787535,-0.004455589471242141,-0.07824018274529736,,-0.07087513850454383,-0.08935147144423888,-0.07686023912882801,-0.105966364080721,-0.035056848970812515,-0.09088654408750534,-0.04094964417077208,-0.0007729189284132655,-0.040908483864554916,-0.06163943851217492,-0.09970953968945237,-0.07767481609588095,-0.09276939692884141,-0.07375903785701324,-0.06940973194696606,-0.02339682641655785,-0.07176979118229257,0.007230643714400369,-0.023907892318214906,-0.05409662722033582,-0.1151802545394866,-0.04240558238852546,-0.06067285743423699,-0.09683655840124353,-0.02295750034995048,-0.09847261642153814,-0.0651233624654234
PIP1,0.04907378942929384,0.07178558028443109,0.18055969426722987,0.06587567190391111,0.1647493952645039,0.09185515665227112,0.10081866556612126,0.18714701784909415,0.16959430550822976,0.23872563370090902,0.27195496004445774,0.19554931072204962,0.1342964060723951,0.13506703662763614,0.19741525815317884,0.09083072303047968,0.22281275091197808,0.27666356027531924,0.1515140293488446,0.11103501275148701,0.06588703697858396,0.21609188599634802,0.18496364809716337,0.16954112050777725,0.1548392348516171,0.21557737237234467,0.11081110456329576,0.10940214502884835,0.14548189755281593,0.10805786358958878,0.19322736766638254,-0.018109171364962092,0.10514676837493067,0.035337142392256715,0.12246386296242259,0.012517104096042477,0.14644333924655192,0.015656706852450124,0.0713867804316948,0.17105197398666439,0.1518452212638432,0.22332518759564757,0.23886884029250785,0.11826957723199577,0.1307161684569502,0.003477257672170588,0.10095955037982535,0.05260659386298142,0.1795433007870325,0.15150815462538303,0.2134348758798684,0.21282780918767008,0.06788614580020583,0.24563571537049514,0.1525151297947265,0.10910378859497158,0.20955627697322063,0.16902707391920815,0.07923598718139017,0.09958041162743479,0.1326305069068367,0.05919252493968103,0.12662237480543254,,0.2002380360408381,0.21099749071471333,0.06703916001875183,-0.008774894269407037,0.08789726863814579,0.18068760323120103,0.16297632942365262,0.09638772056835887,0.10704194224196825,0.08766055523812724,0.19115905488821525,0.1904852506816806,0.21145703188557394,0.1228701781242042,0.029647042733868128,0.094053045729695,0.16800871695821568,0.14517791999660695,0.1349986943126064,0.11399545281692583,0.19496657317444482,-0.04645885150114378,0.0014766368179308202,-0.022218843023364868,-0.0338047613426384,0.06153096588212414,0.013085887078320537
LPI,0.025762597494703665,-0.09596543108213768,0.020419384124808627,0.1613264025582713,0.05648327230511116,-0.014858882810164377,0.08195002845910836,-0.03806563451404687,0.009613019713652924,-0.04467796971434449,-0.09107095652953694,0.021899513826454418,-0.004202016263128529,0.07153331353205529,0.0609569763139802,-0.015127947987866975,-0.038432670096538286,0.0016659082336949963,0.03654680034818409,0.06095807664970265,0.06811428931238321,0.006050237545509438,-0.04921479071664117,0.0624675935299075,-0.007265490257386678,-0.04392559166765306,-0.06476936023606232,0.03297256370698125,-0.044725975910972215,0.01302176214846187,-0.016873630286625495,0.09460454558417737,0.027166192950002815,-0.1356949091009,0.07310946705446542,0.1602970175869525,-0.009271710300951917,-0.08783124970494006,0.005477042335774048,-0.011248268899869835,-0.013760447998877788,-0.09696550548133591,-0.05449755975232567,0.0014174720163167836,-0.0666836465265349,0.04935290754421395,-0.023362214248689207,-0.04930787362860603,-0.052871674862091725,-0.0702111964807658,0.0546085274027746,0.031966818079643355,0.019401559785303883,0.021447890308307124,-0.10006391823148263,-0.00993521347760179,-0.038689748655272624,-0.06085073297483043,-0.0628641096345055,-0.02132326058515304,-0.013764003113054738,0.04963568267541794,-0.036687095218927275,,-0.018667205667954875,0.030017146335201753,0.03913058400395139,0.032628912169701825,0.06569057596124729,0.006933418837482281,0.07110452903106755,0.0843685567966646,0.11641594674233172,0.06453036506381059,0.07115875920919339,-0.019556557231569058,0.03329979186526354,0.05096530546236915,0.11995669250189116,0.0949475039142673,0.02147987938948466,0.11170348809373522,0.13379080672227323,0.05384508983753218,0.09158756673608928,0.1070428391188208,0.034575220513699226,-0.02794795232990439,0.04177593880997422,0.00775792259953905,-0.016117582716546123
PS,-0.0019182204981086925,-0.020841463325167068,0.06540612183267468,0.006257104196424824,0.017543909563059366,-0.011316755517013525,0.02303677620086896,0.018227626522303277,-0.007132267072711321,0.01424389935270201,0.09627524146979166,0.010711253943155955,0.049563534254746355,0.023774174638711065,-0.07131208584974703,-0.0229758853095844,0.014039700188770122,-0.005706622816101675,0.039362548380258766,-0.0013086256023598576,-0.009858226690246967,-0.00613925142524256,0.04827024579742587,0.01657007552114321,-0.023428951286973514,-0.0059947029851217075,0.046793322709831275,-0.013279317473535777,-0.01723810482874189,-0.013708567974929378,0.043698406844717624,-0.00010968024572061857,0.034640546514802514,-0.06574543652832558,0.04044586773000435,-0.03582913754873275,0.009171645397640997,-0.04870376226570852,-0.01702334042694753,0.036518623961232156,0.012172797577761631,0.019210919316998278,0.06310447192298851,-0.002081935518620479,-0.006810798336137417,-0.03761665440152137,-0.05297650787988231,-0.005489348964259523,-0.005574514796611366,-0.00843967818885675,0.06143579763516797,0.03497773291892298,0.007259532370536809,0.0005828764099774894,0.011939300694296062,-0.0012320857965108906,-0.042193102214500636,-0.0413908650196822,0.0198329967449908,-0.0519359348069937,-0.008184967745308363,-0.04788827997632288,0.004991901900619385,,0.025157120537065723,0.026359740853494757,-0.05486875724872133,-0.11072129801913494,-0.025065099294313952,-0.06362001244701841,-0.026525566835431093,-0.008938025775969726,-0.05404484044450553,0.04379821696684428,0.02975466699449008,0.017049291550944652,0.039373566332108624,-0.046871534492444245,-0.08041241831300983,-0.013194486982287687,-0.03496940818677177,0.06501907559392696,-0.007081458224797266,0.04246667058480805,0.044913422179519505,-0.08845711690701795,-0.018194404959987958,-0.09417757129427193,-0.06025772775582294,0.0030156557244372436,0.001283186561861544
PG,-0.03941478193240861,-0.11069394647690142,-0.09325154729890721,-0.10197246198768316,-0.07388799102632775,-0.06193415945810264,-0.05335107269318918,-0.12867897232935638,-0.1228880701592861,-0.06854440592586332,-0.08787963185563971,-0.067819623941069,-0.0768836042489226,-0.1299167012751347,-0.09653609190972844,-0.12875790587912608,-0.0946543201434861,-0.1210804990760475,-0.06244571122161623,-0.09852173849400658,-0.11529048387873998,-0.1333223203075822,-0.02397539653966403,-0.12656563433762144,-0.1217152899325336,-0.08692010009251502,-0.0395366381572484,-0.09811779230621333,-0.054543483196534966,-0.08457804180459234,-0.058598787959762214,0.07254106467201087,-0.1076428369207312,-0.07707828896735061,-0.06607190068993506,-0.10140201264986218,-0.08089561735336137,-0.07770901029786721,-0.07486260866984908,-0.12124405915955565,-0.16365907493727253,-0.14876315222117062,-0.08119130820396232,-0.11551875315117786,-0.09813399011842522,-0.02297415417235557,-0.050646277357741284,-0.16788328306278819,-0.08611238181217318,-0.0484323681954486,-0.03878176881056405,-0.13189765972446688,-0.07372187423396658,-0.16228493913777026,-0.03170021791475528,-0.09814034760333928,-0.12442252337293126,-0.07433640686101066,-0.04089370818655377,-0.05095207452395574,-0.022496400715622922,-0.06948721541937357,-0.045888523372828595,,-0.1630958088723477,-0.23214284319081793,-0.07488998678146486,-0.07750002322067508,-0.16039694125683418,-0.1849818954783051,-0.24570620844257415,-0.11249572279382877,-0.08669106370282453,-0.09250333466356127,-0.21050775403261193,-0.1701864102144666,-0.23353212180719132,-0.08279914844435096,-0.07200845892858439,-0.13924128353714427,-0.1583537708030385,-0.12299979295719683,-0.12311478047835023,-0.16378743980202584,-0.22843994761863984,0.009359738443408698,-0.0847105192454716,-0.05240324906141844,-0.04066347964212717,-0.0689882635631423,-0.08551930290277011
CE,0.029064677067222974,0.01583725789575032,0.04145995884642338,0.1123068691873002,0.02232193604398165,-0.005480963797816783,-0.013394013124956826,0.024300911711182684,0.05273174939133799,0.12599313164767947,0.09015341605641033,0.05602065518719452,0.010865804626179533,0.13973169142001451,0.040546955047833184,0.08186296661252786,0.09946743457760525,0.09484105884852398,0.023346000035147724,0.009058686954344121,0.06867526028890591,0.12693027359348277,-0.09494868494568644,0.07197803192438394,0.08732704347430707,0.08223733624785502,-0.0743416717796673,0.06603149893930832,0.0015078700670396736,0.12238711523556947,0.12738624954642852,-0.11087439949946115,0.10232286846467094,0.009085720312104223,0.029707335916591974,0.05849668611694626,0.0430762171127754,-0.015435222551043695,0.043443063105680434,0.026388645850844543,0.10537501345059103,0.17429109072363072,0.052191157834504454,0.15396871118736838,0.08472496518063581,0.07025316444417473,-0.005786134829865675,0.19129203990759186,0.1378830489175117,0.06876265626749745,0.053981527724394254,0.08847139890674968,0.01824514485603618,0.13938516516628888,-0.08341650853982965,0.07648449688179446,0.08518003556471712,0.05394917477016256,-0.03325775697920281,0.06479238809629236,-0.034710473131984707,0.09152915051918663,0.0966376194015712,,0.17123348020766382,0.22241148716883558,0.09714211018630399,0.029517652456525965,0.1642693614304208,0.18421429696279926,0.24294872194543105,0.12454819785144566,0.06672644509713799,0.11905927382605058,0.1965345708907315,0.19507186344177868,0.23408559780950866,0.10767686335847391,-0.0029677107988406786,0.1390268018832567,0.1715055039388333,0.14415614298791476,0.1054208513066966,0.1479085576449507,0.21442988617349695,0.020519567640842996,0.05720533960995482,0.07109996091218045,0.06411312448068976,0.045430018058220265,0.09071889104406163
COH,-0.047673479555060155,-0.03052886388137814,-0.08289383256549351,0.004143229276535943,-0.05423769808363041,-0.06062222840741824,-0.06766571901734936,-0.025637429881180784,-0.051327463198007184,0.060991673089902915,0.0045433087888003005,-0.0015659540502706445,-0.05143616394696253,0.057728044817172225,-0.05184700629830549,-0.021958641493685527,0.0326618590315539,0.04381157998506795,-0.059920753214611606,-0.03129115481182197,-0.004324526544726759,-0.01128786676793752,-0.11099310833518809,-0.07285559125728454,-0.019138665602257767,0.010345673587798558,-0.12654262624553,-0.03712894147837118,-0.09137193186211577,-0.041009763833288145,0.030518767511831826,-0.05125525636182122,-0.03213012487184679,-0.06599123892797738,-0.08452306217780409,-0.06043171680595309,-0.040439931968909486,-0.08305241919827458,-0.09705050555671696,0.03379877012418881,-0.07120140104847433,0.03131332405779531,-0.04331509139843043,-0.05207713966583306,-0.05237320449411764,-0.02054222827774357,-0.13963206728458433,-0.008259924420341635,0.04215115803403427,0.07166943665272045,-0.0766767441215539,-0.12531726115843195,0.009762987952438917,-0.06602527709142189,-0.13897175873863055,-0.05622701812630849,-0.04714936269802388,-0.04536849814300481,-0.13014589953742053,-0.08178574816963187,-0.09186721506081359,-0.01256758561300148,0.033193637765488476,,0.0007400322830871154,-0.07691463104250748,-0.020504567834399984,-0.00890541447635821,-0.09628325041884676,-0.008349284326905761,-0.022202849090177224,-0.03831374609922373,-0.057521228908862805,-0.024664726127666327,0.017522579478767567,-0.00025802997374718586,-0.08999821632880795,-0.019782301792689215,-0.03371682792782519,-0.060888190507600304,0.028735999901031213,-0.0678100654905743,0.024441808068979644,-0.03644536060018636,0.0362409990076026,0.03532637498209159,0.0423901014779022,-0.007457326893158662,-0.02605616885077148,-0.00016943277479709905,0.057764706059408075
DE,0.07177358397408717,0.11988087859443276,0.1033643635088188,0.14317142647326145,0.07299257918622445,0.008245769135741755,0.005233781639465006,0.11554402421202663,0.05413890122561015,0.11697173975487607,0.08972472116215946,0.02858211541853316,0.011915289005684903,0.14168442392348368,0.005117393245769179,0.08000554192306654,0.042844243295008806,0.060716239005342794,0.07046861189883041,0.05315909764864701,0.05551792631308607,0.15141670778835553,0.02278568474427818,0.09301467267959912,0.08241156108474808,0.11350509778552292,0.06198213411310569,0.038174346792689065,0.05210068213385396,0.15164624272244967,0.0686070858745561,0.02318787025547907,0.08075943051079361,0.025391606035111067,0.03981371170572638,0.05181486998622982,0.06705123223682498,0.017705950213879138,-0.014828342817873052,0.07358891351764393,0.08610593413722933,0.15589726558114134,0.05737627315821651,0.10216862790284245,0.045380376726631866,0.0635473929880354,-0.03991426687961143,0.16068635597486514,0.11911484707857324,0.09523420424658686,0.06515683228700545,0.03873742486496928,0.039331800843442156,0.12678230792052889,-0.03760336657609269,0.04060901482625964,0.11137387685145593,0.06688995736050192,0.09165786590783619,0.0014587403390427414,0.029231593364574652,0.13469317525807112,0.021233137803920988,,0.12260961842753428,0.14372349701421075,0.07855187613772938,0.031071366215030267,0.15349280293341416,0.16679327340147182,0.13430240639608335,0.1493024174341753,0.13746694650660107,0.11142782799022144,0.12488049591453496,0.11368666788906558,0.1609975608469637,0.09161467134249421,0.029591331583992884,0.15947264921724957,0.17632865760349253,0.19775306843201348,0.19667365101032672,0.11966301561659128,0.13275578069918378,-0.047973379635809964,0.0030948197737400082,0.008063843539623208,0.018980974269633157,-0.015994416829506992,0.037091299299721096
DEDE,0.006934109879808836,0.16446202206452448,0.16757151754685412,0.11156738607542059,0.026877204356834418,0.002315354052987291,-0.027104087137458148,0.10057236575628302,0.12790465395261827,0.10565415034095368,0.11992694877629831,0.1093243865320452,-0.025226383096717476,0.06767589364781061,0.1372751223521174,0.1234270743543759,0.04230276598497277,0.028782580704207063,0.12936889664779122,0.11973243206866309,0.03134574145682119,0.1473370613509558,0.1055680924827346,0.06366228401426069,0.20806721307805004,0.19183944769005676,0.07495533225454477,0.029683151357320196,0.052365058003131015,0.12656950584229523,0.0390146192276605,0.17323897526461887,0.1771890779535109,0.08276042918822256,0.08637075505044121,0.022766765472995602,0.015348074067708172,0.05680723998210876,-0.0645179028689545,0.08120510047225729,0.09984985631959024,0.17211970637687443,0.1213240485399786,0.13266125648553428,0.007864346613057198,0.0022050833612168312,0.030848907192539868,0.16002687227168708,0.12539252880737847,0.07394671955357932,0.08476790555244189,0.0543149122166152,0.05687394927452485,0.11147187321170464,0.021879184232017117,0.1265931823197583,0.1805464094988508,0.12341094977515382,0.09704831251606305,-0.006300178263595011,0.1394743854493757,0.17509299940255715,0.02083410757380924,,0.1371365159386892,0.09371359461425251,0.09594634613249985,0.018659999044138644,0.06687912715475149,0.08932814577781212,0.0838630154347531,0.11707859950919244,0.1537943203923619,0.12338246078337822,0.08714191354901771,0.10312189202833248,0.10531877938065239,0.11592448765498649,0.06817490571135004,0.06531745366801653,0.09174125918055463,0.17854388343842606,0.20668269064852549,0.12211909132494925,0.1058752797681582,-0.07110705650952862,-0.06215751772219823,-0.07543228468474232,-0.06908944392583988,-0.008223894558593348,0.03657322982317975
METHYL,-0.04252849602221784,-0.0361449893387694,-0.016653151301939628,0.16942017619916486,0.037733445730359125,0.008969653841291053,-0.04038716270685094,-0.09434007753601002,-0.0011479134884110473,-0.0005807303089159064,-0.12920415664420187,-0.05802425506833879,-0.045889991486057706,0.0021228226312978086,-0.04004301886677603,0.08147217072093044,0.005829939779832897,0.07141022736611896,-0.02674083269857525,-0.010733938560013862,-0.04528794098608066,0.012780185835029798,-0.09022876524095569,-0.039206356854087986,-0.04917712793266477,-0.03810359080376929,-0.020928836702621228,-0.08178534812273637,-0.019825133229798095,-0.059329717906562884,-0.03201539929276514,-0.05145470885892941,-0.06302815158956017,-0.05470418222407729,0.045476012966064225,0.0073284676058597235,0.004307416791706615,-0.010918492079746444,0.014496221826445346,-0.10461557367184833,0.051513670736597864,0.01410308629875885,-0.008747111260974718,0.08894017768824844,0.011970714484583268,-0.0419640821372409,-0.029339636684440125,0.08380084744677374,-0.01871350276661963,-0.020891916208380188,-0.018157240036725236,0.028072420104748308,-0.03627888735005329,0.027298462994501744,-0.023454613416972973,-0.030624255052100542,0.0013964119986040664,-0.03263274998442155,-0.04886226831715547,-0.004299911164125954,-0.02567175171497125,-0.034773485535090756,-0.023375367729605648,,-0.019882289805753003,0.08483659927675129,0.051065690904597526,-0.030419067711420382,0.11447720478167447,0.10228027960971216,0.1281877091075514,-0.059346544032619304,-0.06060218969172792,-0.018595275415373088,0.11868088035997565,-0.017974919483625337,0.1183623037825131,0.019998187404605263,-0.03535555903777552,0.14864897719405226,0.0832151463336457,0.00048346308325415493,-0.031538231086106955,0.009420881445822277,0.12335988943625376,-0.07727547210424812,0.14989836150280225,0.03569164027551344,0.12143703810279953,0.013589957013338028,0.03542335090010433
DIMETHYL,-0.03658962781615186,-0.03894351480943231,-0.017619656285612115,0.19014523586488719,0.06027058470431423,0.03271308045813139,-0.016196657912692067,-0.08429007433698607,0.007053158877982476,0.005956489666178502,-0.12714838404130074,-0.04590847685525407,-0.021769438572726466,0.01633375014794156,-0.02431279264266672,0.08013787038566834,0.007201490012412215,0.08772457135543756,-0.02150797641773694,-0.002886604310242193,-0.03220710495809926,0.007376064594146856,-0.06637928521992675,-0.03542092322725034,-0.04999754010193582,-0.029965216182459585,-0.0018238236167496303,-0.06029713715466906,-0.006570250917479592,-0.05863470874057249,-0.0029896109869088513,-0.04493536426292132,-0.07794798800716851,-0.06683576755923071,0.03306971942277256,0.020188438469717126,0.008921565863391373,-0.019307287699530638,0.03063135213788896,-0.10736083150309574,0.04026271300183609,0.019077593281829817,-0.002367505145513772,0.08679282199648784,0.021671511969000308,-0.03186315757129249,-0.025590550085770773,0.06300455164085791,-0.02326815996959411,-0.026083928713773567,-0.012947226295364924,0.038818291590717854,-0.03475224586628401,0.019107315765098616,-0.0092220834312159,-0.030376402554214792,0.003888646435676702,-0.016035135220661155,-0.046755975566048436,0.020813462776771683,-0.013682167713203106,-0.039083697923027884,0.003302756553891924,,-0.025603347754951385,0.08879375176041268,0.04770268620525625,-0.017321438291949,0.1223856227641507,0.09802555632751905,0.11929281022454988,-0.05497835597896271,-0.050807355000516925,-0.013848689445809807,0.11002752411262585,-0.024364504863990458,0.11854084453919539,0.031218202713405405,-0.01946514336026003,0.16445548180238545,0.07938566698319563,0.005248208431167248,-0.026954961373281395,0.01584088507189438,0.11244271444500484,-0.06315042123897273,0.15580775670641683,0.027065473135322725,0.11597311580240012,0.009452262840043532,0.046079523193883726
FA,-0.019240793367743293,0.07460488300608868,0.0443320936420378,0.05024091425630316,0.059897902509244275,0.07964982116686656,0.04490817380211381,0.09355410011666516,0.0377344072028833,-0.03770037514460038,0.07771719784624512,-0.04765453686178025,0.1007855625497042,0.09109789342445558,0.07585023881977865,0.1277435921761655,0.04357233115966319,0.08247975593957552,0.059610349957851104,0.0964823610161334,0.056282965424793996,0.167435083163574,0.09571318974901856,0.041085776928437484,0.00990849516879712,0.03880814689193438,0.11898522601682404,0.06594166978069389,0.14187844801468608,0.07124357591986599,-0.04860070321706457,0.054471050533956226,-0.04408480460739968,0.11027375863031848,-0.03589121830961349,0.03326628214646495,0.0038240719583110183,0.1473761226670563,0.04728692365095985,0.0756822456854471,0.024249850769390905,0.01219194441209788,0.05423888412050284,-0.004874819042654098,0.08239276263104535,0.04563330535238325,0.06823721188337761,0.0758814562078495,-0.02407560690409093,0.005694307209491498,0.04720867489192114,0.1064637158848497,0.08821516070803748,0.17904611562457484,0.07417813367706941,-0.0073597365896619915,0.04472680042087827,0.0361796547641107,0.05246698536589053,0.03840834565106312,0.06260083230938221,0.0046718974385318544,-0.05774037093466041,,0.0452190211263564,-0.023457276360429876,-0.12565799131398264,-0.02613115760788476,0.08757812673261646,0.09535674689107085,-0.003461392030276795,0.08749623048985919,0.015145278411481895,0.009515154852480395,0.02264496951520554,0.060506602486939724,-0.00838883493779964,-0.1265669700574052,-0.02990628166520348,0.0930572543567303,0.05737392574719156,0.10485405249089488,0.05150938636234865,0.06036137570881178,0.024011828844874104,-0.12554831249059248,-0.01883012537684629,-0.04894786789010286,-0.03211430833591684,0.0933548529587818,0.014415418406637657
AC,0.07795230891863154,0.20161369395733159,0.16275336893644793,0.11258800447389522,0.1756292832334787,0.19197192066560176,0.17429539968706992,0.20388364788994995,0.16975337024248113,0.1793777186203588,0.08601332571486589,0.17568600159631156,0.2053534017406179,0.040975468792795317,0.13865735538598264,0.22767325098947522,0.12773684562017046,0.1571131620507545,0.114682382194597,0.16562018728805497,0.10960666807532811,0.17596221795289063,0.1764987433627041,0.16339276996664587,0.2512399942991941,0.2022330902492465,0.19311955001751502,0.14987843411706062,0.287178048187573,0.027500672003492908,0.09605034767447992,-0.050186382720136806,0.14619630713978835,0.15269388458310576,0.1232571651100542,0.05279831239435523,0.1251445859873312,0.19768270087551892,0.16719374356698,0.1905048327968835,0.1296834001862645,0.18342709382439254,0.13919646391749707,0.19308115092485187,0.22634604472755512,0.0029540662898695337,0.12581746542488692,0.15018948040485597,0.04982211261585414,0.05595650823144703,0.055401470673220966,0.1829783340585616,0.10426704171409103,0.21038302966631403,0.17766351277246928,0.17018925753210862,0.2345654915442653,0.18103469052891014,0.15589838293325936,0.14335930985068018,0.20225571341541135,0.019734547248283982,0.08338090908164808,,0.0015262743674227949,0.16257062362607747,0.10050492860482627,0.1395672422161298,0.17115009286810232,0.13720877093285366,0.1263321253024497,0.11631341006310783,0.1355323123320567,0.069479839932002,0.16841931597760493,-0.0003009234529661888,0.19927484081603325,0.12373332793875623,0.17087156186210373,0.20160697707890596,0.14823182586807643,0.15292649151671356,0.16607407729130955,0.13351320484877427,0.1789599498021976,0.020259874035122725,0.031675101913739456,-0.021305671361673453,-0.035464798144971825,0.025948368778570593,0.09643624155957864
CA,0.11244823727998725,0.01343155508694113,0.05869290818752982,0.08663713873960562,0.0958597438636551,0.09868873662106918,0.12208628661521174,0.07353408291193747,0.06370791095593607,0.05148019951032168,0.100553951996226,0.06998488745183548,0.08204698605713769,0.09065179851713748,0.004684915637703646,0.04703007922100756,0.053057337195021335,0.04458051030333479,0.0773863918455032,0.08236736098710813,0.0900567441549465,0.06231248035408925,0.14321171818805695,0.0880212718691197,0.10816648645425171,0.07954177389092507,0.10880753633772991,0.02086119823657208,0.08295914685619363,-0.04483624641562415,0.01623518685109514,0.004732495744622279,-0.011590758347733782,0.03298164564615172,0.007330033927276164,-0.013202713481575978,0.11126648922883317,0.017162812640956086,0.027869364045364012,0.15600955880256234,0.07535088775650574,0.013086347558025025,0.07211879415654314,-0.010806597456935477,0.007854281344694436,0.037662275710157886,0.032889198727960305,-0.022960674562533402,0.06473199967197199,0.028812575558019585,0.09844757818741086,0.04358603906367746,-0.011506296159581236,0.017618701526882427,0.122475237378707,0.0322234131174868,0.1215351504582365,0.06873741954399669,0.060383001477297825,0.026254001893747304,0.06022218331054447,0.022660545473626472,-0.010475049397910292,,0.04000283043677679,0.04818156838526621,0.0008432049177924685,-0.055708112388695476,-0.05924278619848761,-0.10803431454707757,-0.03674382215763914,0.011917939435206916,-0.02874977346459541,-0.0725080332031333,-0.08453826833484411,0.0498267018029329,0.03107468748271563,0.0191676779737787,-0.04129578144424851,-0.005306282393933058,-0.04228553937253848,0.010429119090343867,0.04712402738597042,-0.018475825869627913,-0.05949617557844376,0.02713549585921143,-0.13635688329230286,-0.0011857460096642587,-0.02074953874473,-0.1565627309444093,-0.1091878824157852
DXCA,0.16604315571063016,0.11858680990757361,0.08385851884328926,0.1101684746949295,0.17518316357383912,0.13915795921355398,0.17766077628462015,0.13468755219884532,0.09856467702230547,0.142069346496127,0.1418057823342235,0.13883222024014163,0.11672151751089807,0.11284160062093164,0.06882274898448706,0.11938833608360461,0.10934268642492274,0.12271285685893779,0.12615389173896127,0.14285004475196944,0.13193288984006935,0.11759970125323294,0.12965806710109173,0.11329733181305611,0.1540234429528776,0.1599088322194429,0.08854494997759028,0.10769097450459468,0.1183427956334247,0.06091028575002249,0.11072387850351276,0.0004360566695789023,0.0844808272641647,0.11938360972582068,0.05251290749157396,0.029396260456170657,0.14333877848407775,0.0689572204242629,0.06388958323646328,0.1492261822228156,0.1384082766936859,0.08978403510863382,0.10319201343575607,0.08368794982416461,0.05647252325699764,0.05395453817672068,0.10249614774235488,0.07311579114881883,0.1433934837525079,0.14465396077986792,0.12851741792484878,0.07993020890853643,0.014074925429238579,0.06266148891538434,0.1118122305417517,0.10939289806140073,0.17195530035967022,0.11785239297068495,0.0808572976307096,0.09996867273396692,0.07779783801413022,0.08455327701463375,0.08905984531102619,,0.07906963765224599,0.06190492079710982,0.055728509358442674,-0.016985623760751575,-0.0652562170270271,-0.04549701043767987,-0.013413534933760532,0.05532786593237326,0.06394333000682736,-0.03717898698501112,-0.023044426077846316,0.07141785998802788,0.03458433698631868,0.08588562871008858,-0.008700268370637238,-0.013950606037883388,0.017758003003519693,0.0696143441137998,0.12456730849618775,0.044879914642747896,0.002574946104458652,-0.02840370762040411,-0.03649746810220687,0.003073955142826084,-0.002552965665695236,-0.13071698974477067,-0.0591285071277763
DG,0.0001555615126570568,-0.013405121764360812,0.02631855084472707,-0.08161749450162409,0.03187418218430429,0.006433041408390705,0.06683470911647278,0.00791604237012078,0.04051584551596981,-0.009117825413751768,-0.02831143611419118,0.048497680136412584,0.02783366343826149,-0.08964724498323214,0.032755100796470156,-0.06578649915172166,-0.03081460608905603,-0.08323155279026374,0.051985874104078886,0.035056555901182763,-0.046894345295202124,-0.10718567795646516,0.1274740712444143,0.0015340844759634798,0.016302380068983803,0.0006662468417806295,0.07627159418286118,-0.0012623587580264028,0.005331638032536605,-0.07926158604422022,-0.0405564691433943,0.18010573669176455,-0.02009818523491711,0.0009968486869110183,0.07699687344397119,0.004145959528396566,0.0485686883977183,0.008439827485837496,0.04230401490266613,0.028850756704190208,-0.018769028550885903,-0.057745968234691275,0.05162219286708531,-0.021662171107538243,-0.01729528664965657,-0.012231880134390832,0.09741443650779938,-0.14376854149068646,-0.07005343301625444,-0.019850444920173772,0.03833287195382162,-0.032235458214651284,0.005860784806635812,-0.08443413522798703,0.12479135909127928,0.030838235197018893,-0.01742043683612002,0.03346060657427282,0.05784539845614586,0.03547245569196221,0.09655809037330386,0.009192036355794606,0.018800124450445356,,-0.12062423831498524,-0.10387687825914367,0.01718471888342818,0.012715722924358958,-0.12539162888273697,-0.13355417918094234,-0.15117316768283826,-0.05951149756665939,0.0071762061737382105,-0.04248934482125797,-0.11955505590338529,-0.16265667151444219,-0.10489207332159729,0.003513304945610315,0.04958145795310532,-0.12826312369703288,-0.12086097663355978,-0.08212243969356318,-0.06368799479379054,-0.07080038439298326,-0.1452973049363856,-0.0019153443876571527,-0.07043155312092807,-0.052191006463269435,-0.014434736973189581,-0.05178775612071384,-0.03748609546970071
TG,0.01636926183028196,0.004290271231933511,0.0075550110099690815,-0.11709137855204184,0.018481995473903428,0.013216823658373124,0.041877736814001046,-0.0072326182723783,0.019548132061478114,-0.052852302607906444,-0.049894294385395596,0.013299114569239849,-0.0009309387665551645,-0.15827686813579822,-0.022354851902319225,-0.08548478211485436,-0.06855137679496966,-0.06298130292008343,0.0011499134249067207,0.007872155770223557,-0.07781095294604314,-0.15147570699644536,0.10154675879870925,-0.03029510852940564,-0.03470418877095917,-0.04543962780694551,0.08218505500061835,-0.041212504162973715,-0.0048695066405653135,-0.10123723304785485,-0.0659598867988147,0.01814735998112139,-0.03502826389125544,0.012936543558863254,0.033034629096166696,-0.040357167714713885,0.015204528310517372,0.022042420953822698,0.011025916687867959,-0.017659581333479297,-0.0382598549322598,-0.09882690261496237,-0.0049125637798281925,-0.08322198651791538,-0.045659275073788204,-0.06707219221968978,0.06113049063172542,-0.175250484003542,-0.08633849742260798,-0.04426521696981827,-0.027710281478935356,-0.0423510122224454,-0.052272900309202855,-0.14992660949200926,0.12105285263829055,-0.0009025960648856703,-0.034314817973561555,-0.0002575735129661963,0.07388808776051274,-0.01722639639543527,0.04392333129106125,-0.05311926244057645,-0.01266055990179064,,-0.14919616618927445,-0.11426178502131282,0.0014344475371287266,0.029122546191989993,-0.10681685037054608,-0.1392580237907741,-0.1606651601867702,-0.11043413670051277,-0.026739618916549687,-0.07185175839099131,-0.12742245504952726,-0.17806387789885952,-0.12943770047225098,-0.004891318308995671,0.04870119243622336,-0.09617085746571168,-0.13207934892784298,-0.1281964271095835,-0.09653311752239001,-0.08909258408274887,-0.1475371681037285,0.02866521863075143,-0.025499057420115684,-0.003704092693272216,-0.0303620004598553,-0.04962842918537112,-0.046383952531089526
UBIQUINONE,-0.05905547097216475,0.00788170545985488,0.012081938373258166,0.027714022163995967,0.019445849803325137,0.02417614267002883,0.013558939067329374,-0.0321799788408185,0.0032770247390506058,-0.021160520139888176,-0.018072270131734024,-0.04119613805459084,0.022143780070763775,-0.042881009321142805,-0.014588837031020397,-0.05574324530908487,0.008332947437827854,0.01523098696179854,-0.034275128900316344,0.008295959574784064,0.029363529958269942,0.010828300421044127,-0.022050372059065203,-0.030518745639311905,-0.03368428354730181,-0.013530174999427332,-0.051997377431212896,0.0035792858826977528,-0.11101038978300526,0.002381752015282436,-0.036509917611656964,0.17217490356532045,-0.044622914248152394,-0.014610602695921446,0.0011800383364802824,0.07460354850239131,0.019044266678283413,0.015299093726072265,0.026923361417103744,-0.07229288409806002,0.034397321776362746,-0.04972521818877746,-0.06645542277823659,0.008313184089493053,0.03358485802411403,0.03987594970416882,-0.013906317324267475,-0.0056845955001846695,-0.04614453689103739,-0.03695964944860715,-0.030928457735667866,-0.09386886752869004,0.07176287798526317,0.02788095194705515,-0.022707067785595135,-0.08981438411012015,-0.04895439580437344,0.0017914984219619804,-0.05687053440325261,0.04229417881687786,-0.029922216692658567,0.029700191869163527,-0.029806542623738608,,-0.004624296465033604,0.025322303375487312,0.037232509459567006,-0.044774116489498854,-0.004007714002987033,-0.0899157266173844,-0.0037341884778782117,-0.010839378724595243,0.010736099333383358,0.04937520705290624,0.013365573719399738,-0.04104887945662761,0.02014257161653277,0.044770264374364606,-0.038865773076181526,-0.0503670212634807,-0.10796173927554205,-0.04895396771199961,-0.001674096937498367,0.001950153028484034,0.03083873039341818,-0.0784552780174189,-0.008327451191445538,-0.02840499554981621,-0.023264411846894713,-0.008579048537465593,-0.023224209984327476
